Episode;0;1;2;3;4;5;6;7;8;9;10;11;12;13;14;15;16;17;18;19;20;21;22;23;24;25;26;27;28;29;30;31;32;33;34;35;36;37;38;39;40;41;42;43;44;45;46;47;48;49;50;51;52;53;54;55;56;57;58;59;60;61;62;63;64;65;66;67;68;69;70;71;72;73;74;75;76;77;78;79;80;81;82;83;84;85;86;87;88;89;90;91;92;93;94;95;96;97;98;99;100;101;102;103;104;105;106;107;108;109;110;111;112;113;114;115;116;117;118;119;120;121;122;123;124;125;126;127;128;129;130;131;132;133;134;135;136;137;138;139;140;141;142;143;144;145;146;147;148;149;150;151;152;153;154;155;156;157;158;159;160;161;162;163;164;165;166;167;168;169;170;171;172;173;174;175;176;177;178;179;180;181;182;183;184;185;186;187;188;189;190;191;192;193;194;195;196;197;198;199;200;201;202;203;204;205;206;207;208;209;210;211;212;213;214;215;216;217;218;219;220;221;222;223;224;225;226;227;228;229;230;231;232;233;234;235;236;237;238;239;240;241;242;243;244;245;246;247;248;249;250;251;252;253;254;255;256;257;258;259;260;261;262;263;264;265;266;267;268;269;270;271;272;273;274;275;276;277;278;279;280;281;282;283;284;285;286;287;288;289;290;291;292;293;294;295;296;297;298;299;300;301;302;303;304;305;306;307;308;309;310;311;312;313;314;315;316;317;318;319;320;321;322;323;324;325;326;327;328;329;330;331;332;333;334;335;336;337;338;339;340;341;342;343;344;345;346;347;348;349;350;351;352;353;354;355;356;357;358;359;360;361;362;363;364;365;366;367;368;369;370;371;372;373;374;375;376;377;378;379;380;381;382;383;384;385;386;387;388;389;390;391;392;393;394;395;396;397;398;399;400;401;402;403;404;405;406;407;408;409;410;411;412;413;414;415;416;417;418;419;420;421;422;423;424;425;426;427;428;429;430;431;432;433;434;435;436;437;438;439;440;441;442;443;444;445;446;447;448;449;450;451;452;453;454;455;456;457;458;459;460;461;462;463;464;465;466;467;468;469;470;471;472;473;474;475;476;477;478;479;480;481;482;483;484;485;486;487;488;489;490;491;492;493;494;495;496;497;498;499;500;501;502;503;504;505;506;507;508;509;510;511;512;513;514;515;516;517;518;519;520;521;522;523;524;525;526;527;528;529;530;531;532;533;534;535;536;537;538;539;540;541;542;543;544;545;546;547;548;549;550;551;552;553;554;555;556;557;558;559;560;561;562;563;564;565;566;567;568;569;570;571;572;573;574;575;576;577;578;579;580;581;582;583;584;585;586;587;588;589;590;591;592;593;594;595;596;597;598;599
0;272.0;142.0;1001.0;65.0;304.0;770.0;183.0;920.0;449.0;679.0;376.0;1001.0;308.0;196.0;1001.0;132.0;247.0;675.0;944.0;806.0;491.0;86.0;240.0;482.0;364.0;226.0;239.0;780.0;432.0;94.0;1001.0;1001.0;1001.0;1001.0;554.0;119.0;349.0;138.0;632.0;103.0;527.0;344.0;243.0;162.0;799.0;714.0;348.0;190.0;415.0;487.0;144.0;577.0;327.0;107.0;48.0;810.0;291.0;140.0;115.0;191.0;1001.0;642.0;486.0;42.0;207.0;130.0;182.0;189.0;211.0;82.0;467.0;263.0;247.0;327.0;203.0;144.0;136.0;102.0;123.0;249.0;383.0;223.0;49.0;153.0;156.0;561.0;136.0;205.0;147.0;96.0;183.0;592.0;26.0;308.0;193.0;56.0;137.0;39.0;328.0;72.0;534.0;353.0;201.0;180.0;241.0;145.0;114.0;306.0;50.0;162.0;45.0;191.0;284.0;68.0;166.0;209.0;437.0;123.0;120.0;162.0;68.0;52.0;126.0;186.0;64.0;67.0;361.0;201.0;279.0;84.0;116.0;71.0;102.0;93.0;83.0;78.0;170.0;121.0;114.0;52.0;50.0;65.0;61.0;150.0;86.0;136.0;105.0;33.0;72.0;125.0;92.0;110.0;88.0;161.0;38.0;78.0;139.0;155.0;82.0;152.0;173.0;113.0;76.0;104.0;227.0;91.0;201.0;62.0;149.0;123.0;146.0;446.0;105.0;412.0;75.0;140.0;74.0;77.0;52.0;35.0;40.0;70.0;92.0;122.0;95.0;94.0;72.0;40.0;174.0;34.0;181.0;36.0;36.0;50.0;51.0;54.0;82.0;62.0;42.0;140.0;270.0;184.0;60.0;63.0;45.0;47.0;59.0;62.0;106.0;57.0;54.0;58.0;127.0;29.0;103.0;41.0;79.0;112.0;30.0;103.0;50.0;129.0;79.0;150.0;115.0;74.0;80.0;105.0;71.0;49.0;73.0;134.0;98.0;188.0;126.0;111.0;97.0;162.0;95.0;150.0;49.0;49.0;37.0;48.0;49.0;63.0;65.0;47.0;33.0;31.0;69.0;50.0;60.0;63.0;54.0;27.0;62.0;88.0;44.0;99.0;56.0;105.0;44.0;51.0;36.0;43.0;61.0;90.0;34.0;71.0;34.0;34.0;56.0;130.0;85.0;129.0;66.0;41.0;43.0;50.0;79.0;58.0;31.0;46.0;146.0;34.0;49.0;38.0;89.0;127.0;81.0;25.0;27.0;40.0;37.0;31.0;55.0;32.0;72.0;91.0;44.0;110.0;147.0;40.0;30.0;44.0;72.0;77.0;42.0;33.0;65.0;58.0;31.0;48.0;21.0;23.0;84.0;22.0;24.0;81.0;118.0;44.0;29.0;30.0;38.0;161.0;75.0;74.0;41.0;33.0;33.0;22.0;47.0;52.0;74.0;73.0;48.0;77.0;87.0;77.0;85.0;105.0;75.0;42.0;56.0;58.0;46.0;41.0;91.0;46.0;48.0;212.0;43.0;542.0;336.0;45.0;25.0;30.0;30.0;31.0;34.0;25.0;27.0;23.0;26.0;94.0;28.0;31.0;29.0;25.0;43.0;43.0;27.0;23.0;22.0;28.0;70.0;21.0;20.0;38.0;24.0;22.0;64.0;22.0;129.0;24.0;26.0;23.0;27.0;24.0;73.0;86.0;42.0;76.0;27.0;69.0;181.0;64.0;43.0;22.0;25.0;21.0;33.0;26.0;22.0;36.0;26.0;44.0;31.0;21.0;52.0;135.0;165.0;520.0;40.0;37.0;32.0;29.0;28.0;23.0;28.0;43.0;25.0;20.0;42.0;26.0;29.0;24.0;24.0;32.0;23.0;24.0;25.0;37.0;91.0;33.0;85.0;23.0;83.0;22.0;44.0;86.0;36.0;23.0;183.0;94.0;198.0;194.0;83.0;25.0;24.0;201.0;39.0;44.0;20.0;30.0;24.0;25.0;22.0;25.0;29.0;20.0;37.0;24.0;25.0;22.0;31.0;82.0;28.0;28.0;26.0;27.0;111.0;22.0;20.0;23.0;21.0;33.0;35.0;22.0;82.0;26.0;25.0;28.0;22.0;24.0;22.0;23.0;29.0;39.0;23.0;23.0;56.0;42.0;82.0;23.0;193.0;76.0;30.0;41.0;28.0;129.0;26.0;39.0;38.0;28.0;58.0;62.0;24.0;651.0;263.0;213.0;44.0;61.0;97.0;32.0;27.0;22.0;40.0;26.0;23.0;200.0;59.0;20.0;34.0;242.0;65.0;37.0;37.0;39.0;125.0;20.0;37.0;22.0;25.0;58.0;26.0;22.0;25.0;25.0;33.0;23.0;66.0;95.0;38.0;23.0;40.0;48.0;58.0;23.0;153.0;52.0;32.0;70.0;39.0;26.0;22.0;23.0;75.0;76.0;29.0;28.0;24.0;78.0;27.0;70.0;33.0;41.0;139.0;118.0;54.0;32.0;31.0;42.0;51.0;85.0;54.0;25.0;32.0;20.0;61.0;45.0;61.0;53.0;64.0;118.0;145.0;27.0;32.0;34.0;28.0;34.0;34.0;55.0;76.0;28.0;73.0;160.0;52.0;50.0
1;1001.0;113.0;425.0;143.0;218.0;1001.0;83.0;237.0;162.0;354.0;184.0;269.0;1001.0;246.0;427.0;135.0;271.0;81.0;122.0;246.0;1001.0;261.0;719.0;513.0;1001.0;187.0;61.0;653.0;140.0;989.0;1001.0;310.0;650.0;175.0;137.0;479.0;96.0;608.0;247.0;450.0;394.0;255.0;1001.0;471.0;420.0;454.0;100.0;858.0;1001.0;673.0;617.0;229.0;291.0;485.0;468.0;1001.0;153.0;331.0;266.0;602.0;493.0;183.0;196.0;213.0;215.0;93.0;300.0;122.0;125.0;147.0;213.0;41.0;56.0;152.0;556.0;278.0;391.0;486.0;347.0;232.0;1001.0;131.0;168.0;83.0;92.0;228.0;530.0;217.0;53.0;254.0;104.0;213.0;142.0;137.0;158.0;108.0;52.0;308.0;386.0;94.0;200.0;185.0;174.0;119.0;172.0;190.0;239.0;62.0;192.0;99.0;188.0;186.0;217.0;345.0;869.0;207.0;259.0;182.0;38.0;207.0;81.0;65.0;60.0;49.0;43.0;203.0;95.0;232.0;68.0;86.0;137.0;81.0;181.0;422.0;138.0;105.0;127.0;70.0;200.0;68.0;97.0;63.0;229.0;105.0;72.0;86.0;128.0;64.0;88.0;92.0;36.0;73.0;94.0;84.0;68.0;87.0;190.0;144.0;126.0;262.0;136.0;135.0;69.0;537.0;99.0;82.0;66.0;52.0;35.0;44.0;58.0;42.0;70.0;70.0;41.0;159.0;56.0;59.0;93.0;23.0;45.0;41.0;155.0;29.0;260.0;211.0;216.0;589.0;88.0;88.0;52.0;164.0;66.0;38.0;123.0;104.0;46.0;49.0;30.0;103.0;58.0;129.0;95.0;47.0;94.0;39.0;35.0;80.0;118.0;169.0;40.0;128.0;38.0;51.0;44.0;33.0;65.0;89.0;30.0;30.0;26.0;352.0;31.0;62.0;53.0;34.0;56.0;73.0;100.0;110.0;77.0;151.0;80.0;99.0;41.0;211.0;118.0;492.0;78.0;187.0;52.0;81.0;83.0;50.0;117.0;93.0;52.0;65.0;40.0;179.0;56.0;82.0;45.0;25.0;34.0;59.0;55.0;38.0;110.0;44.0;92.0;232.0;41.0;61.0;60.0;74.0;24.0;36.0;84.0;28.0;33.0;27.0;27.0;31.0;61.0;80.0;118.0;74.0;217.0;108.0;185.0;32.0;48.0;23.0;30.0;59.0;26.0;56.0;35.0;37.0;129.0;25.0;170.0;65.0;69.0;29.0;113.0;61.0;108.0;25.0;66.0;95.0;367.0;71.0;115.0;62.0;32.0;57.0;44.0;78.0;51.0;45.0;43.0;44.0;42.0;27.0;59.0;84.0;21.0;51.0;23.0;26.0;22.0;24.0;47.0;34.0;25.0;71.0;68.0;50.0;32.0;56.0;30.0;37.0;36.0;55.0;33.0;22.0;38.0;26.0;25.0;23.0;23.0;25.0;25.0;27.0;45.0;39.0;54.0;74.0;43.0;130.0;30.0;37.0;104.0;94.0;35.0;49.0;29.0;25.0;28.0;40.0;46.0;89.0;54.0;29.0;33.0;35.0;27.0;26.0;92.0;65.0;40.0;22.0;36.0;25.0;34.0;75.0;61.0;38.0;123.0;41.0;78.0;290.0;33.0;24.0;57.0;31.0;22.0;32.0;74.0;30.0;24.0;21.0;24.0;23.0;28.0;31.0;20.0;22.0;24.0;39.0;214.0;59.0;23.0;20.0;25.0;78.0;36.0;34.0;20.0;23.0;22.0;24.0;29.0;33.0;62.0;28.0;53.0;24.0;71.0;22.0;32.0;50.0;22.0;21.0;23.0;87.0;28.0;395.0;30.0;38.0;428.0;83.0;28.0;29.0;26.0;45.0;28.0;32.0;25.0;52.0;40.0;26.0;32.0;25.0;48.0;24.0;25.0;24.0;23.0;21.0;29.0;70.0;20.0;34.0;25.0;20.0;37.0;48.0;45.0;48.0;28.0;29.0;44.0;27.0;51.0;24.0;34.0;26.0;21.0;41.0;24.0;20.0;31.0;27.0;25.0;32.0;23.0;233.0;26.0;56.0;50.0;27.0;59.0;54.0;41.0;25.0;28.0;34.0;67.0;46.0;86.0;255.0;177.0;59.0;229.0;232.0;96.0;31.0;96.0;92.0;99.0;84.0;110.0;81.0;30.0;24.0;39.0;61.0;24.0;26.0;29.0;22.0;27.0;31.0;195.0;26.0;25.0;71.0;33.0;78.0;123.0;97.0;32.0;122.0;118.0;38.0;41.0;71.0;59.0;66.0;31.0;221.0;101.0;26.0;41.0;54.0;62.0;62.0;41.0;79.0;126.0;114.0;70.0;26.0;45.0;46.0;74.0;83.0;46.0;55.0;67.0;35.0;29.0;22.0;49.0;64.0;24.0;42.0;23.0;20.0;38.0;25.0;26.0;41.0;43.0;22.0;22.0;36.0;43.0;31.0;58.0;33.0;26.0;33.0;35.0;28.0;27.0;29.0;29.0;32.0;35.0;148.0;33.0;25.0;28.0;84.0;32.0;105.0;62.0;71.0;25.0;117.0;25.0;34.0;24.0;31.0;49.0;26.0
2;181.0;1001.0;358.0;340.0;164.0;223.0;872.0;513.0;238.0;1001.0;1001.0;1001.0;487.0;256.0;612.0;553.0;912.0;830.0;923.0;200.0;378.0;535.0;541.0;141.0;46.0;555.0;189.0;1001.0;162.0;1001.0;198.0;799.0;1001.0;192.0;952.0;539.0;249.0;440.0;152.0;484.0;27.0;847.0;429.0;112.0;584.0;734.0;538.0;259.0;743.0;58.0;356.0;143.0;1001.0;175.0;306.0;390.0;86.0;196.0;416.0;231.0;81.0;379.0;214.0;341.0;117.0;337.0;251.0;408.0;89.0;473.0;65.0;928.0;172.0;386.0;205.0;85.0;602.0;340.0;211.0;345.0;73.0;204.0;134.0;278.0;556.0;110.0;285.0;500.0;110.0;70.0;44.0;383.0;143.0;120.0;86.0;75.0;74.0;106.0;124.0;180.0;95.0;121.0;122.0;92.0;175.0;73.0;38.0;480.0;47.0;304.0;658.0;555.0;123.0;153.0;127.0;104.0;46.0;41.0;87.0;58.0;106.0;124.0;191.0;42.0;86.0;73.0;278.0;94.0;40.0;63.0;59.0;173.0;96.0;154.0;126.0;89.0;53.0;61.0;72.0;50.0;71.0;41.0;62.0;66.0;39.0;56.0;61.0;47.0;65.0;91.0;198.0;89.0;65.0;131.0;54.0;270.0;87.0;87.0;122.0;63.0;49.0;47.0;61.0;75.0;948.0;162.0;36.0;47.0;57.0;105.0;63.0;54.0;202.0;50.0;64.0;32.0;42.0;35.0;40.0;45.0;32.0;43.0;107.0;24.0;97.0;171.0;70.0;44.0;71.0;121.0;37.0;32.0;102.0;46.0;112.0;39.0;51.0;119.0;384.0;36.0;45.0;27.0;42.0;80.0;49.0;137.0;58.0;53.0;86.0;22.0;51.0;66.0;68.0;53.0;77.0;26.0;73.0;41.0;30.0;57.0;40.0;111.0;34.0;59.0;50.0;58.0;35.0;67.0;66.0;46.0;58.0;38.0;442.0;21.0;45.0;89.0;29.0;58.0;192.0;91.0;40.0;43.0;26.0;34.0;27.0;38.0;26.0;41.0;29.0;39.0;51.0;33.0;62.0;33.0;120.0;49.0;28.0;23.0;72.0;67.0;29.0;28.0;46.0;100.0;44.0;30.0;65.0;23.0;62.0;45.0;24.0;30.0;20.0;69.0;45.0;40.0;32.0;26.0;32.0;35.0;245.0;63.0;35.0;22.0;45.0;71.0;28.0;32.0;30.0;47.0;61.0;27.0;73.0;29.0;30.0;31.0;26.0;61.0;41.0;25.0;27.0;42.0;23.0;25.0;27.0;47.0;37.0;25.0;31.0;35.0;32.0;24.0;26.0;28.0;26.0;49.0;254.0;26.0;27.0;28.0;26.0;49.0;25.0;27.0;38.0;26.0;28.0;25.0;33.0;27.0;25.0;55.0;21.0;76.0;22.0;23.0;30.0;25.0;26.0;47.0;34.0;27.0;26.0;78.0;454.0;42.0;23.0;53.0;24.0;36.0;83.0;38.0;30.0;165.0;46.0;46.0;33.0;99.0;25.0;83.0;91.0;46.0;37.0;37.0;50.0;31.0;23.0;64.0;27.0;28.0;125.0;52.0;21.0;34.0;23.0;23.0;34.0;21.0;29.0;42.0;23.0;51.0;36.0;59.0;167.0;24.0;26.0;23.0;28.0;20.0;24.0;25.0;22.0;56.0;20.0;24.0;42.0;24.0;27.0;21.0;33.0;50.0;23.0;28.0;35.0;47.0;36.0;45.0;85.0;27.0;52.0;22.0;28.0;26.0;25.0;27.0;21.0;20.0;21.0;28.0;39.0;57.0;40.0;31.0;22.0;25.0;25.0;22.0;22.0;29.0;21.0;31.0;23.0;34.0;22.0;488.0;34.0;25.0;40.0;31.0;22.0;25.0;21.0;30.0;26.0;27.0;23.0;24.0;30.0;32.0;20.0;28.0;34.0;20.0;27.0;30.0;26.0;36.0;24.0;26.0;27.0;20.0;30.0;20.0;24.0;28.0;29.0;22.0;37.0;165.0;21.0;28.0;25.0;30.0;27.0;23.0;24.0;27.0;51.0;26.0;23.0;27.0;26.0;26.0;24.0;46.0;26.0;31.0;23.0;20.0;24.0;658.0;34.0;32.0;175.0;26.0;47.0;36.0;66.0;22.0;23.0;21.0;33.0;29.0;26.0;25.0;34.0;25.0;29.0;27.0;34.0;23.0;28.0;24.0;22.0;36.0;28.0;26.0;21.0;25.0;25.0;84.0;23.0;62.0;121.0;117.0;21.0;25.0;31.0;24.0;23.0;27.0;22.0;27.0;24.0;28.0;24.0;51.0;24.0;24.0;50.0;30.0;25.0;25.0;31.0;24.0;87.0;27.0;72.0;32.0;27.0;22.0;24.0;83.0;20.0;228.0;24.0;25.0;268.0;174.0;26.0;24.0;39.0;128.0;35.0;25.0;42.0;21.0;264.0;25.0;23.0;51.0;27.0;25.0;63.0;21.0;32.0;87.0;70.0;23.0;31.0;41.0;28.0;49.0;42.0;30.0;61.0;20.0;24.0;33.0;28.0;30.0;27.0;28.0;30.0;48.0;25.0;21.0;25.0;24.0
3;188.0;61.0;271.0;322.0;339.0;213.0;82.0;123.0;401.0;199.0;184.0;412.0;1001.0;63.0;104.0;563.0;131.0;196.0;840.0;106.0;233.0;392.0;194.0;324.0;411.0;182.0;289.0;202.0;587.0;989.0;469.0;198.0;258.0;337.0;370.0;559.0;240.0;74.0;1001.0;295.0;385.0;164.0;323.0;356.0;152.0;378.0;185.0;291.0;1001.0;123.0;221.0;970.0;546.0;344.0;567.0;204.0;843.0;78.0;70.0;236.0;420.0;141.0;419.0;297.0;1001.0;92.0;463.0;90.0;141.0;430.0;518.0;104.0;34.0;157.0;200.0;123.0;136.0;292.0;274.0;409.0;161.0;145.0;512.0;20.0;173.0;132.0;89.0;102.0;495.0;69.0;160.0;81.0;60.0;551.0;267.0;444.0;205.0;112.0;385.0;318.0;108.0;120.0;230.0;233.0;87.0;153.0;81.0;98.0;202.0;94.0;309.0;60.0;126.0;41.0;231.0;136.0;292.0;92.0;110.0;63.0;24.0;386.0;154.0;103.0;51.0;236.0;109.0;85.0;87.0;105.0;54.0;265.0;63.0;431.0;68.0;226.0;39.0;29.0;62.0;73.0;92.0;233.0;142.0;148.0;45.0;101.0;141.0;70.0;90.0;213.0;128.0;162.0;57.0;115.0;176.0;111.0;35.0;56.0;119.0;78.0;127.0;48.0;57.0;97.0;38.0;157.0;65.0;31.0;67.0;35.0;52.0;60.0;222.0;66.0;54.0;68.0;46.0;91.0;51.0;100.0;63.0;31.0;99.0;38.0;133.0;542.0;92.0;112.0;53.0;87.0;45.0;138.0;55.0;62.0;73.0;51.0;84.0;60.0;53.0;158.0;98.0;48.0;33.0;218.0;44.0;47.0;51.0;47.0;48.0;53.0;32.0;52.0;67.0;69.0;47.0;40.0;56.0;33.0;94.0;86.0;42.0;38.0;55.0;165.0;42.0;49.0;56.0;37.0;54.0;44.0;49.0;79.0;47.0;62.0;32.0;35.0;35.0;37.0;46.0;39.0;25.0;101.0;65.0;57.0;34.0;40.0;39.0;109.0;64.0;33.0;34.0;121.0;34.0;30.0;56.0;50.0;69.0;36.0;43.0;35.0;41.0;30.0;31.0;33.0;29.0;34.0;29.0;29.0;31.0;810.0;90.0;56.0;56.0;42.0;29.0;40.0;25.0;78.0;30.0;56.0;24.0;28.0;45.0;64.0;45.0;92.0;41.0;34.0;40.0;23.0;239.0;22.0;23.0;55.0;28.0;31.0;28.0;31.0;28.0;64.0;75.0;23.0;23.0;33.0;25.0;27.0;27.0;28.0;148.0;31.0;30.0;26.0;35.0;25.0;23.0;34.0;20.0;27.0;24.0;34.0;25.0;27.0;112.0;123.0;50.0;72.0;34.0;47.0;26.0;22.0;29.0;25.0;23.0;33.0;29.0;24.0;43.0;20.0;29.0;70.0;100.0;179.0;21.0;25.0;103.0;35.0;24.0;24.0;31.0;23.0;46.0;26.0;35.0;30.0;20.0;57.0;28.0;24.0;37.0;63.0;28.0;23.0;22.0;50.0;57.0;30.0;127.0;28.0;64.0;53.0;31.0;79.0;24.0;44.0;25.0;188.0;42.0;60.0;60.0;20.0;22.0;28.0;30.0;33.0;25.0;21.0;25.0;55.0;23.0;34.0;22.0;29.0;30.0;95.0;28.0;29.0;22.0;24.0;26.0;54.0;224.0;155.0;54.0;52.0;25.0;26.0;50.0;26.0;26.0;27.0;25.0;28.0;54.0;20.0;27.0;26.0;22.0;23.0;23.0;23.0;27.0;65.0;64.0;27.0;25.0;21.0;40.0;53.0;68.0;46.0;23.0;24.0;26.0;28.0;48.0;21.0;35.0;23.0;23.0;44.0;80.0;28.0;32.0;22.0;54.0;24.0;22.0;452.0;146.0;27.0;47.0;32.0;143.0;85.0;58.0;25.0;34.0;115.0;39.0;54.0;30.0;66.0;77.0;39.0;84.0;39.0;39.0;98.0;75.0;34.0;36.0;26.0;37.0;43.0;40.0;81.0;52.0;26.0;42.0;90.0;30.0;36.0;42.0;56.0;25.0;63.0;56.0;41.0;66.0;33.0;31.0;23.0;34.0;29.0;27.0;31.0;39.0;26.0;38.0;25.0;49.0;27.0;43.0;99.0;206.0;28.0;23.0;21.0;31.0;22.0;23.0;22.0;21.0;20.0;22.0;27.0;34.0;45.0;39.0;28.0;23.0;24.0;21.0;91.0;21.0;27.0;22.0;88.0;32.0;29.0;26.0;33.0;24.0;26.0;30.0;32.0;55.0;45.0;26.0;24.0;39.0;24.0;190.0;24.0;20.0;33.0;31.0;31.0;54.0;44.0;54.0;36.0;41.0;48.0;49.0;133.0;92.0;28.0;34.0;27.0;98.0;67.0;43.0;107.0;35.0;71.0;48.0;27.0;122.0;31.0;30.0;67.0;27.0;38.0;35.0;28.0;53.0;34.0;22.0;22.0;53.0;21.0;31.0;40.0;57.0;46.0;45.0;37.0;26.0;79.0;66.0;39.0;29.0;30.0;29.0;78.0;77.0;35.0;76.0;34.0
4;236.0;224.0;460.0;1001.0;18.0;182.0;70.0;826.0;225.0;109.0;334.0;107.0;269.0;116.0;1001.0;222.0;90.0;1001.0;219.0;312.0;763.0;609.0;690.0;459.0;623.0;123.0;849.0;320.0;142.0;320.0;47.0;60.0;122.0;522.0;591.0;311.0;128.0;571.0;600.0;460.0;439.0;128.0;267.0;444.0;522.0;552.0;496.0;80.0;1001.0;837.0;454.0;214.0;1001.0;488.0;448.0;723.0;487.0;219.0;95.0;138.0;837.0;505.0;39.0;137.0;107.0;284.0;172.0;126.0;393.0;431.0;101.0;174.0;340.0;239.0;140.0;155.0;415.0;164.0;629.0;305.0;352.0;195.0;118.0;531.0;62.0;88.0;77.0;163.0;54.0;298.0;53.0;81.0;115.0;324.0;75.0;85.0;246.0;237.0;41.0;190.0;441.0;64.0;565.0;134.0;148.0;57.0;81.0;247.0;114.0;52.0;124.0;93.0;102.0;208.0;49.0;143.0;108.0;476.0;47.0;141.0;145.0;116.0;131.0;55.0;77.0;105.0;50.0;70.0;175.0;90.0;542.0;177.0;363.0;177.0;88.0;100.0;159.0;98.0;164.0;102.0;163.0;159.0;147.0;61.0;49.0;99.0;119.0;360.0;137.0;69.0;175.0;83.0;118.0;172.0;95.0;63.0;172.0;255.0;265.0;233.0;71.0;72.0;45.0;153.0;92.0;121.0;55.0;176.0;110.0;44.0;116.0;39.0;87.0;106.0;230.0;165.0;332.0;98.0;48.0;92.0;44.0;130.0;54.0;144.0;39.0;61.0;75.0;49.0;104.0;39.0;51.0;114.0;70.0;51.0;66.0;95.0;67.0;36.0;49.0;190.0;73.0;52.0;54.0;65.0;28.0;35.0;94.0;61.0;52.0;48.0;41.0;42.0;42.0;39.0;51.0;71.0;55.0;56.0;90.0;87.0;118.0;26.0;44.0;26.0;28.0;18.0;161.0;110.0;28.0;60.0;60.0;67.0;30.0;76.0;80.0;33.0;63.0;57.0;32.0;118.0;41.0;73.0;46.0;60.0;40.0;58.0;63.0;36.0;44.0;63.0;60.0;619.0;37.0;64.0;38.0;22.0;65.0;27.0;38.0;140.0;33.0;34.0;31.0;28.0;36.0;37.0;27.0;90.0;33.0;33.0;27.0;327.0;33.0;326.0;45.0;38.0;88.0;58.0;67.0;164.0;80.0;55.0;53.0;118.0;31.0;30.0;37.0;37.0;43.0;62.0;44.0;65.0;44.0;27.0;204.0;40.0;81.0;74.0;85.0;71.0;39.0;59.0;29.0;36.0;46.0;90.0;25.0;36.0;201.0;36.0;39.0;38.0;96.0;45.0;26.0;31.0;59.0;78.0;36.0;25.0;153.0;24.0;133.0;26.0;53.0;76.0;56.0;66.0;32.0;25.0;83.0;30.0;89.0;37.0;28.0;25.0;72.0;21.0;25.0;29.0;122.0;46.0;23.0;26.0;29.0;31.0;25.0;34.0;32.0;29.0;29.0;22.0;216.0;38.0;61.0;257.0;41.0;88.0;47.0;163.0;153.0;39.0;452.0;55.0;36.0;25.0;36.0;40.0;53.0;171.0;65.0;121.0;246.0;126.0;128.0;277.0;200.0;89.0;65.0;23.0;41.0;67.0;150.0;26.0;61.0;53.0;30.0;118.0;145.0;103.0;153.0;166.0;99.0;120.0;181.0;25.0;35.0;27.0;32.0;42.0;56.0;27.0;55.0;74.0;53.0;78.0;24.0;105.0;252.0;27.0;591.0;59.0;32.0;286.0;219.0;28.0;262.0;36.0;39.0;51.0;72.0;81.0;113.0;130.0;102.0;23.0;43.0;24.0;76.0;152.0;222.0;65.0;186.0;27.0;23.0;23.0;31.0;23.0;32.0;35.0;131.0;70.0;39.0;40.0;24.0;96.0;80.0;27.0;33.0;36.0;35.0;29.0;107.0;28.0;64.0;32.0;54.0;26.0;41.0;51.0;56.0;47.0;450.0;103.0;34.0;45.0;76.0;43.0;24.0;31.0;79.0;80.0;44.0;148.0;66.0;42.0;222.0;132.0;62.0;66.0;100.0;137.0;116.0;61.0;56.0;72.0;242.0;38.0;47.0;150.0;28.0;59.0;25.0;25.0;83.0;41.0;27.0;70.0;79.0;26.0;35.0;31.0;43.0;142.0;68.0;21.0;28.0;164.0;22.0;32.0;55.0;36.0;33.0;24.0;23.0;33.0;22.0;21.0;74.0;29.0;22.0;25.0;32.0;204.0;23.0;52.0;26.0;23.0;28.0;38.0;23.0;46.0;22.0;31.0;25.0;21.0;25.0;21.0;22.0;30.0;26.0;43.0;22.0;718.0;32.0;56.0;26.0;35.0;23.0;25.0;33.0;21.0;28.0;27.0;39.0;73.0;25.0;29.0;46.0;25.0;34.0;73.0;121.0;69.0;96.0;234.0;39.0;73.0;56.0;39.0;96.0;20.0;24.0;68.0;24.0;24.0;41.0;25.0;26.0;34.0;72.0;48.0;93.0;60.0;27.0;32.0;221.0;31.0;33.0;21.0;236.0;32.0;27.0;451.0;86.0;44.0;64.0;31.0;20.0;46.0
5;857.0;208.0;222.0;847.0;353.0;1001.0;410.0;606.0;167.0;155.0;636.0;1001.0;183.0;299.0;988.0;73.0;883.0;266.0;204.0;430.0;351.0;272.0;415.0;363.0;124.0;137.0;601.0;162.0;522.0;132.0;1001.0;410.0;1001.0;253.0;226.0;422.0;62.0;72.0;104.0;147.0;42.0;193.0;653.0;60.0;115.0;840.0;734.0;1001.0;491.0;1001.0;737.0;86.0;640.0;359.0;194.0;685.0;430.0;184.0;1001.0;986.0;200.0;922.0;767.0;239.0;64.0;113.0;522.0;323.0;107.0;209.0;350.0;153.0;166.0;115.0;210.0;423.0;374.0;190.0;249.0;273.0;157.0;133.0;59.0;217.0;112.0;194.0;93.0;84.0;500.0;1001.0;192.0;31.0;149.0;153.0;55.0;261.0;289.0;196.0;79.0;80.0;69.0;294.0;262.0;293.0;249.0;79.0;121.0;151.0;65.0;221.0;73.0;244.0;37.0;133.0;79.0;155.0;142.0;117.0;80.0;207.0;327.0;84.0;201.0;43.0;60.0;92.0;104.0;64.0;55.0;88.0;289.0;57.0;315.0;72.0;107.0;203.0;40.0;82.0;45.0;97.0;136.0;125.0;69.0;63.0;84.0;127.0;135.0;90.0;78.0;104.0;58.0;238.0;53.0;117.0;102.0;105.0;90.0;222.0;106.0;96.0;145.0;16.0;90.0;46.0;104.0;48.0;139.0;72.0;67.0;39.0;179.0;57.0;87.0;191.0;185.0;82.0;136.0;104.0;102.0;38.0;40.0;70.0;49.0;308.0;33.0;112.0;105.0;55.0;65.0;53.0;28.0;50.0;43.0;56.0;60.0;86.0;41.0;86.0;54.0;32.0;101.0;65.0;176.0;56.0;52.0;103.0;132.0;126.0;54.0;76.0;61.0;225.0;39.0;76.0;58.0;51.0;87.0;98.0;45.0;76.0;71.0;22.0;37.0;62.0;64.0;26.0;49.0;25.0;42.0;80.0;99.0;44.0;58.0;113.0;59.0;47.0;57.0;72.0;122.0;85.0;88.0;195.0;93.0;208.0;110.0;138.0;87.0;113.0;32.0;35.0;82.0;157.0;180.0;249.0;124.0;64.0;75.0;150.0;69.0;131.0;90.0;45.0;319.0;62.0;59.0;38.0;35.0;37.0;51.0;127.0;64.0;117.0;164.0;370.0;206.0;58.0;128.0;103.0;42.0;137.0;30.0;38.0;94.0;23.0;56.0;32.0;50.0;63.0;38.0;30.0;58.0;34.0;46.0;31.0;27.0;32.0;76.0;28.0;32.0;33.0;38.0;22.0;51.0;38.0;70.0;32.0;142.0;138.0;53.0;33.0;35.0;32.0;35.0;151.0;37.0;39.0;53.0;24.0;29.0;80.0;145.0;373.0;380.0;218.0;565.0;79.0;46.0;174.0;125.0;71.0;170.0;91.0;56.0;25.0;37.0;55.0;289.0;250.0;126.0;231.0;278.0;158.0;154.0;123.0;152.0;110.0;74.0;88.0;32.0;89.0;24.0;59.0;29.0;52.0;614.0;158.0;67.0;82.0;365.0;187.0;57.0;191.0;74.0;58.0;86.0;185.0;79.0;73.0;80.0;96.0;150.0;273.0;131.0;131.0;38.0;65.0;68.0;156.0;109.0;80.0;51.0;38.0;71.0;105.0;176.0;46.0;59.0;107.0;36.0;23.0;41.0;84.0;130.0;169.0;38.0;47.0;27.0;23.0;23.0;23.0;45.0;64.0;76.0;23.0;22.0;22.0;22.0;47.0;47.0;32.0;56.0;23.0;26.0;35.0;24.0;22.0;52.0;36.0;128.0;124.0;77.0;78.0;157.0;26.0;27.0;22.0;26.0;50.0;121.0;91.0;29.0;27.0;22.0;32.0;26.0;32.0;35.0;165.0;21.0;31.0;25.0;28.0;24.0;32.0;50.0;233.0;113.0;39.0;77.0;49.0;72.0;63.0;61.0;25.0;34.0;149.0;59.0;111.0;93.0;56.0;36.0;46.0;22.0;27.0;26.0;22.0;22.0;37.0;27.0;23.0;26.0;22.0;25.0;24.0;25.0;37.0;65.0;39.0;75.0;38.0;54.0;117.0;107.0;41.0;86.0;64.0;414.0;80.0;46.0;406.0;38.0;27.0;24.0;43.0;24.0;25.0;29.0;77.0;32.0;21.0;41.0;67.0;24.0;27.0;22.0;24.0;20.0;25.0;41.0;54.0;30.0;26.0;25.0;42.0;20.0;23.0;31.0;34.0;26.0;26.0;22.0;35.0;25.0;22.0;24.0;28.0;102.0;33.0;31.0;49.0;35.0;54.0;42.0;56.0;44.0;244.0;259.0;41.0;85.0;74.0;50.0;101.0;47.0;40.0;59.0;85.0;39.0;75.0;175.0;117.0;30.0;35.0;169.0;50.0;26.0;138.0;135.0;135.0;95.0;51.0;80.0;66.0;45.0;84.0;152.0;171.0;175.0;204.0;41.0;39.0;106.0;77.0;129.0;39.0;79.0;114.0;90.0;31.0;734.0;115.0;153.0;239.0;45.0;29.0;63.0;115.0;162.0;71.0;147.0;64.0;61.0;117.0;74.0;110.0;47.0;116.0;582.0;84.0;51.0;27.0
6;138.0;87.0;182.0;392.0;206.0;241.0;732.0;156.0;383.0;443.0;263.0;308.0;615.0;391.0;211.0;441.0;146.0;365.0;118.0;297.0;489.0;784.0;1001.0;507.0;758.0;412.0;472.0;539.0;1001.0;195.0;75.0;441.0;70.0;177.0;554.0;1001.0;127.0;1001.0;463.0;867.0;213.0;402.0;93.0;254.0;209.0;159.0;52.0;355.0;448.0;561.0;116.0;870.0;158.0;959.0;273.0;416.0;147.0;650.0;230.0;132.0;602.0;631.0;74.0;198.0;102.0;775.0;816.0;93.0;318.0;67.0;110.0;202.0;326.0;38.0;56.0;526.0;134.0;241.0;173.0;101.0;222.0;204.0;85.0;246.0;381.0;371.0;391.0;186.0;517.0;131.0;293.0;149.0;49.0;106.0;74.0;454.0;309.0;342.0;56.0;118.0;321.0;207.0;62.0;63.0;72.0;192.0;316.0;269.0;194.0;129.0;143.0;326.0;168.0;286.0;318.0;113.0;206.0;113.0;36.0;109.0;75.0;86.0;57.0;18.0;110.0;107.0;29.0;73.0;218.0;106.0;101.0;148.0;169.0;201.0;59.0;86.0;74.0;163.0;68.0;113.0;51.0;37.0;76.0;82.0;86.0;179.0;744.0;208.0;57.0;80.0;117.0;203.0;154.0;136.0;68.0;46.0;149.0;127.0;103.0;34.0;38.0;177.0;175.0;251.0;83.0;32.0;143.0;116.0;89.0;66.0;43.0;61.0;76.0;163.0;58.0;99.0;98.0;71.0;35.0;94.0;111.0;117.0;125.0;121.0;50.0;101.0;118.0;61.0;130.0;55.0;85.0;63.0;72.0;86.0;87.0;54.0;67.0;42.0;45.0;68.0;59.0;74.0;288.0;114.0;133.0;114.0;149.0;327.0;158.0;124.0;52.0;61.0;110.0;82.0;61.0;34.0;82.0;91.0;79.0;40.0;28.0;29.0;29.0;30.0;57.0;50.0;26.0;66.0;110.0;44.0;26.0;28.0;31.0;49.0;30.0;58.0;41.0;42.0;42.0;34.0;49.0;48.0;30.0;29.0;39.0;144.0;183.0;34.0;37.0;58.0;70.0;43.0;24.0;38.0;34.0;37.0;115.0;140.0;147.0;44.0;177.0;44.0;44.0;42.0;23.0;22.0;33.0;31.0;25.0;29.0;30.0;352.0;26.0;79.0;31.0;74.0;86.0;67.0;36.0;37.0;32.0;75.0;58.0;35.0;29.0;29.0;24.0;50.0;27.0;27.0;29.0;25.0;35.0;30.0;44.0;43.0;35.0;88.0;66.0;30.0;26.0;22.0;46.0;23.0;30.0;25.0;23.0;31.0;90.0;33.0;34.0;31.0;25.0;27.0;171.0;42.0;25.0;23.0;30.0;27.0;45.0;23.0;21.0;24.0;89.0;25.0;36.0;57.0;24.0;33.0;23.0;46.0;47.0;22.0;24.0;26.0;32.0;20.0;24.0;28.0;47.0;34.0;34.0;56.0;23.0;26.0;24.0;34.0;26.0;31.0;26.0;30.0;31.0;47.0;27.0;22.0;37.0;27.0;22.0;29.0;28.0;161.0;22.0;38.0;60.0;56.0;23.0;29.0;26.0;33.0;20.0;25.0;26.0;28.0;25.0;22.0;22.0;20.0;62.0;22.0;24.0;31.0;28.0;24.0;74.0;24.0;24.0;41.0;75.0;447.0;24.0;38.0;20.0;88.0;38.0;23.0;22.0;86.0;20.0;55.0;40.0;24.0;28.0;26.0;22.0;30.0;21.0;28.0;20.0;21.0;35.0;22.0;94.0;25.0;31.0;27.0;22.0;29.0;30.0;66.0;187.0;27.0;25.0;24.0;29.0;26.0;49.0;25.0;24.0;68.0;26.0;112.0;46.0;46.0;26.0;25.0;24.0;24.0;59.0;38.0;49.0;141.0;53.0;25.0;23.0;24.0;31.0;21.0;23.0;28.0;27.0;34.0;26.0;24.0;22.0;30.0;25.0;35.0;56.0;90.0;24.0;68.0;85.0;27.0;21.0;25.0;22.0;30.0;26.0;26.0;32.0;21.0;21.0;20.0;80.0;33.0;29.0;20.0;34.0;26.0;32.0;23.0;23.0;29.0;29.0;24.0;40.0;26.0;410.0;35.0;26.0;23.0;27.0;22.0;73.0;60.0;37.0;53.0;22.0;24.0;33.0;44.0;27.0;24.0;26.0;29.0;20.0;24.0;46.0;25.0;22.0;29.0;25.0;23.0;49.0;32.0;21.0;29.0;23.0;46.0;24.0;33.0;28.0;22.0;23.0;67.0;25.0;29.0;139.0;69.0;23.0;33.0;24.0;51.0;24.0;22.0;25.0;23.0;23.0;22.0;22.0;24.0;35.0;27.0;40.0;22.0;27.0;25.0;25.0;23.0;36.0;20.0;25.0;59.0;25.0;24.0;22.0;22.0;47.0;22.0;23.0;23.0;50.0;158.0;101.0;43.0;21.0;22.0;61.0;47.0;50.0;56.0;40.0;31.0;24.0;23.0;21.0;28.0;47.0;28.0;24.0;241.0;26.0;137.0;20.0;27.0;46.0;118.0;24.0;36.0;20.0;24.0;39.0;30.0;43.0;32.0;23.0;24.0;24.0;26.0
7;407.0;142.0;186.0;964.0;219.0;203.0;184.0;170.0;253.0;139.0;490.0;328.0;168.0;689.0;535.0;1001.0;808.0;1001.0;695.0;87.0;660.0;915.0;958.0;222.0;271.0;86.0;147.0;322.0;949.0;423.0;177.0;972.0;242.0;629.0;240.0;451.0;1001.0;289.0;1001.0;456.0;435.0;608.0;1001.0;141.0;381.0;316.0;153.0;165.0;158.0;66.0;25.0;805.0;625.0;1001.0;1001.0;58.0;591.0;118.0;460.0;147.0;451.0;633.0;148.0;70.0;250.0;587.0;222.0;250.0;382.0;227.0;89.0;368.0;213.0;375.0;283.0;331.0;170.0;409.0;180.0;178.0;110.0;93.0;459.0;216.0;117.0;80.0;277.0;125.0;418.0;271.0;142.0;362.0;383.0;117.0;52.0;156.0;191.0;83.0;107.0;174.0;143.0;180.0;647.0;80.0;136.0;394.0;169.0;227.0;233.0;160.0;95.0;106.0;110.0;23.0;221.0;136.0;82.0;129.0;140.0;247.0;116.0;67.0;75.0;188.0;64.0;239.0;123.0;48.0;58.0;58.0;58.0;69.0;283.0;103.0;95.0;141.0;124.0;268.0;128.0;147.0;67.0;105.0;115.0;38.0;238.0;19.0;273.0;48.0;142.0;72.0;53.0;192.0;82.0;83.0;115.0;86.0;89.0;117.0;54.0;47.0;90.0;80.0;51.0;207.0;56.0;59.0;85.0;47.0;113.0;59.0;115.0;151.0;191.0;170.0;126.0;97.0;88.0;262.0;346.0;223.0;237.0;134.0;163.0;81.0;130.0;248.0;77.0;133.0;70.0;206.0;163.0;85.0;88.0;87.0;81.0;109.0;69.0;147.0;188.0;83.0;98.0;133.0;44.0;106.0;139.0;66.0;50.0;55.0;131.0;101.0;84.0;105.0;160.0;55.0;59.0;92.0;88.0;47.0;124.0;135.0;60.0;31.0;41.0;118.0;151.0;161.0;69.0;106.0;195.0;91.0;80.0;34.0;52.0;63.0;47.0;112.0;57.0;101.0;48.0;73.0;138.0;57.0;37.0;37.0;88.0;60.0;34.0;55.0;41.0;37.0;32.0;38.0;48.0;49.0;109.0;46.0;39.0;67.0;38.0;39.0;49.0;31.0;46.0;57.0;43.0;95.0;42.0;60.0;45.0;116.0;31.0;35.0;243.0;42.0;267.0;116.0;58.0;65.0;87.0;60.0;34.0;27.0;48.0;70.0;21.0;67.0;74.0;79.0;23.0;37.0;54.0;36.0;32.0;253.0;54.0;67.0;51.0;37.0;45.0;22.0;65.0;26.0;33.0;35.0;37.0;66.0;24.0;178.0;28.0;57.0;58.0;49.0;42.0;210.0;123.0;149.0;98.0;225.0;241.0;73.0;68.0;69.0;57.0;43.0;24.0;64.0;33.0;43.0;64.0;106.0;41.0;124.0;130.0;25.0;52.0;31.0;33.0;25.0;26.0;119.0;41.0;55.0;39.0;42.0;81.0;37.0;29.0;29.0;40.0;30.0;87.0;79.0;189.0;64.0;70.0;33.0;71.0;28.0;35.0;74.0;35.0;34.0;80.0;44.0;27.0;45.0;56.0;66.0;41.0;63.0;91.0;36.0;43.0;36.0;23.0;22.0;35.0;23.0;26.0;41.0;30.0;30.0;57.0;27.0;27.0;93.0;26.0;42.0;22.0;22.0;34.0;49.0;25.0;118.0;40.0;80.0;42.0;70.0;41.0;22.0;40.0;40.0;27.0;37.0;23.0;32.0;43.0;30.0;53.0;64.0;66.0;65.0;51.0;32.0;36.0;41.0;25.0;25.0;33.0;82.0;122.0;25.0;122.0;77.0;32.0;22.0;69.0;63.0;40.0;26.0;36.0;78.0;43.0;30.0;37.0;48.0;78.0;55.0;37.0;29.0;82.0;31.0;45.0;50.0;39.0;23.0;24.0;26.0;61.0;23.0;38.0;22.0;34.0;25.0;52.0;57.0;29.0;25.0;58.0;36.0;35.0;28.0;28.0;36.0;163.0;24.0;44.0;25.0;31.0;64.0;29.0;36.0;29.0;29.0;24.0;29.0;25.0;23.0;49.0;43.0;71.0;29.0;76.0;42.0;31.0;78.0;113.0;80.0;129.0;28.0;53.0;33.0;32.0;24.0;26.0;44.0;45.0;53.0;52.0;31.0;102.0;40.0;30.0;35.0;35.0;46.0;53.0;23.0;28.0;31.0;28.0;26.0;23.0;104.0;43.0;63.0;20.0;23.0;25.0;22.0;71.0;36.0;69.0;39.0;48.0;58.0;28.0;26.0;33.0;84.0;87.0;31.0;45.0;35.0;31.0;55.0;34.0;69.0;33.0;21.0;43.0;42.0;53.0;111.0;29.0;23.0;39.0;61.0;29.0;53.0;75.0;83.0;26.0;30.0;29.0;52.0;24.0;23.0;43.0;26.0;25.0;51.0;29.0;29.0;28.0;33.0;28.0;57.0;33.0;21.0;275.0;91.0;43.0;62.0;30.0;25.0;22.0;24.0;23.0;28.0;26.0;27.0;25.0;58.0;24.0;43.0;28.0;105.0;23.0;22.0;26.0;30.0;33.0;64.0;26.0;121.0;35.0;65.0;98.0;31.0
8;242.0;160.0;807.0;426.0;770.0;447.0;611.0;829.0;520.0;1001.0;473.0;503.0;362.0;67.0;341.0;1001.0;246.0;953.0;1001.0;362.0;101.0;447.0;348.0;224.0;134.0;723.0;780.0;39.0;399.0;189.0;217.0;154.0;371.0;911.0;616.0;420.0;687.0;190.0;730.0;796.0;376.0;107.0;349.0;514.0;729.0;1001.0;782.0;264.0;463.0;739.0;213.0;101.0;535.0;317.0;68.0;216.0;1001.0;155.0;353.0;278.0;123.0;1001.0;313.0;467.0;325.0;430.0;70.0;539.0;460.0;240.0;71.0;406.0;85.0;363.0;504.0;1001.0;234.0;307.0;57.0;127.0;383.0;156.0;686.0;210.0;103.0;271.0;134.0;71.0;195.0;289.0;64.0;343.0;243.0;100.0;633.0;157.0;306.0;315.0;104.0;75.0;155.0;99.0;114.0;55.0;51.0;99.0;219.0;70.0;69.0;44.0;57.0;106.0;78.0;205.0;106.0;152.0;172.0;237.0;125.0;97.0;49.0;93.0;117.0;77.0;81.0;93.0;142.0;176.0;64.0;63.0;138.0;129.0;111.0;159.0;123.0;76.0;61.0;127.0;192.0;128.0;79.0;175.0;49.0;59.0;116.0;83.0;75.0;117.0;77.0;35.0;61.0;77.0;304.0;82.0;84.0;91.0;69.0;97.0;66.0;34.0;43.0;79.0;44.0;71.0;96.0;58.0;178.0;75.0;635.0;53.0;29.0;64.0;35.0;34.0;41.0;214.0;137.0;44.0;35.0;379.0;170.0;90.0;63.0;305.0;155.0;174.0;61.0;36.0;44.0;117.0;88.0;95.0;161.0;59.0;33.0;32.0;57.0;55.0;38.0;57.0;73.0;92.0;111.0;33.0;78.0;99.0;46.0;36.0;45.0;63.0;37.0;40.0;24.0;66.0;72.0;113.0;57.0;60.0;43.0;39.0;80.0;136.0;30.0;38.0;50.0;32.0;31.0;22.0;60.0;28.0;39.0;205.0;32.0;62.0;52.0;55.0;76.0;86.0;62.0;38.0;83.0;34.0;34.0;27.0;32.0;33.0;25.0;39.0;43.0;58.0;47.0;411.0;33.0;43.0;33.0;28.0;25.0;29.0;33.0;24.0;26.0;39.0;24.0;31.0;31.0;27.0;27.0;33.0;25.0;26.0;57.0;30.0;36.0;36.0;42.0;26.0;139.0;42.0;435.0;93.0;52.0;116.0;94.0;73.0;94.0;27.0;26.0;38.0;39.0;36.0;38.0;51.0;70.0;43.0;32.0;39.0;48.0;33.0;60.0;41.0;37.0;29.0;68.0;70.0;79.0;35.0;58.0;36.0;70.0;73.0;43.0;55.0;75.0;132.0;77.0;83.0;26.0;25.0;140.0;31.0;62.0;24.0;26.0;22.0;24.0;26.0;28.0;22.0;33.0;58.0;39.0;71.0;21.0;31.0;21.0;27.0;28.0;146.0;24.0;29.0;22.0;29.0;32.0;21.0;26.0;23.0;66.0;32.0;20.0;23.0;32.0;33.0;110.0;33.0;76.0;42.0;96.0;86.0;208.0;40.0;90.0;43.0;32.0;35.0;27.0;132.0;30.0;26.0;43.0;30.0;32.0;38.0;39.0;21.0;26.0;23.0;82.0;22.0;25.0;25.0;41.0;458.0;32.0;49.0;25.0;32.0;34.0;20.0;26.0;42.0;24.0;23.0;24.0;22.0;67.0;24.0;25.0;27.0;21.0;29.0;22.0;29.0;43.0;21.0;53.0;24.0;23.0;22.0;29.0;20.0;26.0;21.0;23.0;49.0;307.0;30.0;25.0;51.0;41.0;47.0;72.0;146.0;117.0;26.0;25.0;22.0;27.0;254.0;31.0;27.0;75.0;41.0;34.0;33.0;34.0;21.0;21.0;25.0;21.0;26.0;25.0;25.0;24.0;28.0;30.0;32.0;30.0;25.0;32.0;24.0;25.0;27.0;72.0;31.0;344.0;206.0;42.0;133.0;49.0;49.0;99.0;199.0;46.0;33.0;220.0;25.0;31.0;33.0;27.0;32.0;28.0;26.0;26.0;24.0;26.0;32.0;31.0;33.0;20.0;49.0;29.0;22.0;33.0;35.0;75.0;86.0;355.0;103.0;84.0;154.0;33.0;30.0;47.0;54.0;33.0;53.0;30.0;25.0;26.0;23.0;67.0;42.0;55.0;52.0;54.0;57.0;34.0;21.0;33.0;21.0;35.0;23.0;28.0;28.0;21.0;23.0;23.0;26.0;151.0;432.0;81.0;31.0;147.0;43.0;140.0;93.0;27.0;51.0;26.0;107.0;627.0;117.0;58.0;94.0;88.0;100.0;39.0;42.0;57.0;64.0;35.0;133.0;51.0;275.0;134.0;240.0;254.0;173.0;252.0;144.0;43.0;55.0;31.0;24.0;20.0;24.0;41.0;22.0;27.0;43.0;33.0;79.0;30.0;62.0;24.0;27.0;33.0;44.0;31.0;30.0;57.0;75.0;116.0;38.0;45.0;526.0;69.0;55.0;44.0;44.0;34.0;27.0;27.0;34.0;52.0;88.0;35.0;53.0;58.0;62.0;74.0;54.0;35.0;78.0;36.0;32.0;26.0;30.0;60.0;37.0
9;136.0;1001.0;1001.0;368.0;380.0;941.0;163.0;325.0;75.0;208.0;304.0;956.0;411.0;592.0;505.0;408.0;138.0;266.0;167.0;707.0;240.0;1001.0;121.0;204.0;233.0;1001.0;742.0;140.0;862.0;56.0;1001.0;177.0;1001.0;239.0;296.0;163.0;359.0;561.0;964.0;1001.0;91.0;49.0;1001.0;306.0;190.0;306.0;220.0;327.0;99.0;234.0;45.0;1001.0;536.0;367.0;402.0;242.0;605.0;241.0;834.0;795.0;192.0;464.0;254.0;63.0;873.0;423.0;640.0;151.0;237.0;193.0;435.0;484.0;158.0;71.0;154.0;291.0;118.0;81.0;287.0;190.0;186.0;148.0;100.0;275.0;84.0;158.0;123.0;71.0;138.0;774.0;109.0;425.0;323.0;432.0;261.0;318.0;346.0;159.0;274.0;62.0;296.0;169.0;519.0;235.0;109.0;238.0;183.0;94.0;249.0;489.0;422.0;138.0;318.0;222.0;97.0;73.0;318.0;69.0;227.0;174.0;91.0;145.0;110.0;200.0;61.0;188.0;54.0;104.0;86.0;436.0;72.0;113.0;215.0;212.0;79.0;188.0;39.0;109.0;78.0;184.0;86.0;159.0;74.0;111.0;26.0;419.0;207.0;180.0;387.0;165.0;53.0;158.0;167.0;88.0;118.0;98.0;82.0;190.0;138.0;59.0;49.0;186.0;117.0;104.0;60.0;56.0;46.0;96.0;43.0;64.0;138.0;55.0;83.0;71.0;153.0;61.0;135.0;54.0;35.0;70.0;187.0;142.0;38.0;155.0;53.0;41.0;37.0;42.0;181.0;53.0;37.0;64.0;39.0;33.0;68.0;91.0;71.0;169.0;51.0;87.0;37.0;74.0;122.0;41.0;38.0;86.0;123.0;301.0;29.0;79.0;65.0;40.0;26.0;64.0;119.0;267.0;61.0;41.0;52.0;136.0;122.0;160.0;28.0;72.0;93.0;42.0;35.0;56.0;120.0;34.0;24.0;99.0;44.0;28.0;115.0;197.0;36.0;39.0;92.0;113.0;79.0;191.0;388.0;92.0;124.0;372.0;36.0;245.0;26.0;78.0;90.0;89.0;71.0;46.0;28.0;41.0;42.0;113.0;181.0;227.0;168.0;73.0;86.0;77.0;414.0;48.0;157.0;136.0;85.0;496.0;89.0;85.0;209.0;37.0;99.0;64.0;78.0;86.0;53.0;48.0;41.0;49.0;65.0;231.0;77.0;45.0;125.0;65.0;73.0;99.0;156.0;1001.0;172.0;137.0;40.0;42.0;38.0;296.0;77.0;49.0;59.0;30.0;50.0;53.0;70.0;34.0;44.0;37.0;56.0;30.0;58.0;37.0;27.0;28.0;120.0;438.0;37.0;71.0;33.0;80.0;45.0;448.0;91.0;51.0;51.0;99.0;92.0;24.0;41.0;49.0;38.0;33.0;32.0;33.0;316.0;122.0;28.0;35.0;49.0;60.0;304.0;46.0;40.0;47.0;81.0;90.0;46.0;41.0;138.0;47.0;35.0;111.0;45.0;82.0;44.0;60.0;699.0;24.0;130.0;20.0;35.0;25.0;43.0;27.0;33.0;73.0;206.0;212.0;452.0;206.0;128.0;40.0;96.0;190.0;57.0;318.0;198.0;256.0;338.0;53.0;57.0;46.0;42.0;38.0;38.0;27.0;44.0;34.0;39.0;67.0;70.0;74.0;34.0;47.0;39.0;39.0;51.0;117.0;74.0;40.0;551.0;47.0;37.0;45.0;35.0;348.0;41.0;33.0;131.0;69.0;23.0;29.0;76.0;28.0;88.0;72.0;54.0;28.0;150.0;145.0;38.0;106.0;53.0;461.0;54.0;83.0;42.0;180.0;58.0;274.0;151.0;130.0;37.0;40.0;77.0;44.0;50.0;265.0;92.0;35.0;30.0;24.0;188.0;75.0;26.0;33.0;25.0;22.0;23.0;46.0;22.0;50.0;26.0;54.0;47.0;33.0;39.0;31.0;37.0;45.0;25.0;89.0;103.0;66.0;43.0;38.0;61.0;86.0;75.0;42.0;44.0;27.0;29.0;90.0;49.0;107.0;176.0;59.0;42.0;83.0;60.0;25.0;51.0;56.0;49.0;51.0;32.0;99.0;26.0;26.0;42.0;55.0;31.0;36.0;33.0;23.0;33.0;23.0;35.0;68.0;51.0;90.0;23.0;35.0;20.0;33.0;273.0;121.0;247.0;37.0;82.0;130.0;77.0;72.0;62.0;33.0;78.0;44.0;45.0;69.0;93.0;71.0;41.0;30.0;39.0;24.0;29.0;29.0;25.0;27.0;33.0;41.0;23.0;87.0;42.0;23.0;46.0;28.0;21.0;25.0;23.0;24.0;44.0;28.0;21.0;25.0;29.0;32.0;80.0;90.0;30.0;23.0;69.0;45.0;41.0;48.0;28.0;36.0;24.0;48.0;24.0;29.0;60.0;61.0;40.0;51.0;24.0;51.0;24.0;26.0;30.0;29.0;28.0;23.0;54.0;53.0;49.0;41.0;29.0;23.0;28.0;148.0;52.0;239.0;26.0;31.0;32.0;25.0;31.0;30.0;23.0;23.0;33.0;25.0;205.0;25.0;33.0;25.0;23.0;25.0
10;87.0;440.0;236.0;239.0;1001.0;271.0;197.0;1001.0;1001.0;983.0;632.0;600.0;469.0;245.0;334.0;264.0;492.0;386.0;281.0;135.0;365.0;71.0;335.0;576.0;1001.0;289.0;151.0;198.0;498.0;179.0;703.0;109.0;194.0;270.0;64.0;231.0;275.0;594.0;221.0;142.0;631.0;126.0;801.0;76.0;465.0;137.0;308.0;546.0;98.0;763.0;440.0;220.0;830.0;583.0;137.0;714.0;1001.0;113.0;432.0;389.0;362.0;227.0;133.0;396.0;484.0;129.0;404.0;244.0;438.0;234.0;191.0;119.0;401.0;454.0;280.0;63.0;207.0;297.0;130.0;115.0;73.0;204.0;326.0;291.0;595.0;224.0;155.0;217.0;346.0;126.0;198.0;127.0;68.0;64.0;280.0;55.0;213.0;236.0;304.0;37.0;61.0;68.0;114.0;176.0;211.0;100.0;190.0;165.0;58.0;83.0;112.0;155.0;113.0;62.0;89.0;189.0;104.0;147.0;83.0;258.0;194.0;224.0;99.0;101.0;160.0;156.0;175.0;132.0;96.0;229.0;64.0;66.0;77.0;139.0;182.0;84.0;133.0;70.0;188.0;91.0;307.0;100.0;95.0;71.0;91.0;81.0;174.0;257.0;69.0;79.0;184.0;70.0;37.0;61.0;85.0;50.0;77.0;37.0;77.0;135.0;96.0;47.0;65.0;42.0;73.0;76.0;76.0;56.0;55.0;89.0;46.0;60.0;85.0;104.0;97.0;87.0;58.0;165.0;50.0;40.0;65.0;49.0;147.0;68.0;80.0;44.0;46.0;52.0;191.0;90.0;282.0;72.0;127.0;78.0;50.0;50.0;68.0;114.0;182.0;44.0;51.0;31.0;44.0;29.0;54.0;49.0;75.0;112.0;122.0;38.0;27.0;97.0;44.0;45.0;59.0;68.0;166.0;50.0;79.0;115.0;48.0;79.0;47.0;33.0;29.0;36.0;102.0;28.0;60.0;35.0;67.0;65.0;52.0;45.0;34.0;23.0;34.0;31.0;29.0;72.0;32.0;25.0;42.0;56.0;35.0;58.0;115.0;34.0;34.0;185.0;40.0;79.0;31.0;24.0;121.0;107.0;38.0;35.0;31.0;31.0;40.0;30.0;45.0;23.0;32.0;35.0;38.0;27.0;30.0;312.0;78.0;25.0;33.0;58.0;34.0;68.0;55.0;24.0;31.0;33.0;46.0;45.0;144.0;56.0;39.0;394.0;30.0;42.0;48.0;33.0;33.0;31.0;38.0;46.0;120.0;29.0;45.0;50.0;26.0;26.0;33.0;24.0;36.0;32.0;27.0;413.0;38.0;30.0;22.0;65.0;80.0;35.0;31.0;34.0;22.0;26.0;32.0;39.0;30.0;48.0;29.0;24.0;46.0;36.0;114.0;121.0;28.0;24.0;44.0;32.0;36.0;54.0;43.0;36.0;39.0;31.0;31.0;39.0;27.0;27.0;24.0;25.0;34.0;31.0;37.0;38.0;73.0;24.0;25.0;69.0;165.0;36.0;30.0;28.0;22.0;66.0;30.0;27.0;25.0;26.0;21.0;49.0;38.0;23.0;35.0;33.0;21.0;22.0;35.0;20.0;44.0;38.0;27.0;29.0;22.0;93.0;24.0;24.0;23.0;65.0;57.0;33.0;24.0;22.0;21.0;55.0;40.0;48.0;23.0;472.0;58.0;61.0;124.0;44.0;34.0;24.0;335.0;24.0;28.0;22.0;32.0;27.0;20.0;22.0;39.0;24.0;32.0;22.0;21.0;26.0;23.0;24.0;27.0;47.0;26.0;22.0;21.0;23.0;54.0;25.0;24.0;62.0;28.0;32.0;22.0;27.0;23.0;29.0;29.0;24.0;22.0;29.0;32.0;36.0;23.0;23.0;114.0;31.0;40.0;26.0;48.0;28.0;41.0;25.0;56.0;42.0;25.0;38.0;210.0;35.0;24.0;30.0;25.0;28.0;23.0;31.0;43.0;27.0;34.0;26.0;25.0;30.0;54.0;95.0;53.0;22.0;61.0;84.0;176.0;75.0;25.0;37.0;57.0;26.0;57.0;38.0;60.0;33.0;26.0;27.0;24.0;47.0;31.0;36.0;20.0;41.0;22.0;50.0;38.0;34.0;28.0;25.0;57.0;61.0;133.0;94.0;23.0;71.0;35.0;27.0;73.0;27.0;25.0;66.0;85.0;29.0;40.0;20.0;26.0;29.0;36.0;55.0;38.0;29.0;60.0;128.0;46.0;37.0;172.0;536.0;37.0;61.0;37.0;34.0;81.0;29.0;25.0;33.0;40.0;28.0;21.0;34.0;35.0;23.0;26.0;50.0;32.0;68.0;31.0;39.0;25.0;20.0;23.0;46.0;45.0;30.0;34.0;43.0;20.0;21.0;45.0;24.0;28.0;38.0;32.0;23.0;50.0;28.0;27.0;24.0;24.0;20.0;22.0;22.0;256.0;189.0;28.0;27.0;33.0;37.0;77.0;27.0;26.0;23.0;23.0;20.0;22.0;34.0;26.0;35.0;35.0;29.0;28.0;26.0;26.0;35.0;27.0;28.0;26.0;27.0;30.0;29.0;26.0;27.0;24.0;22.0;39.0;29.0;39.0;25.0
11;660.0;371.0;97.0;331.0;1001.0;1001.0;185.0;378.0;196.0;222.0;108.0;448.0;363.0;378.0;581.0;890.0;256.0;144.0;354.0;244.0;207.0;780.0;372.0;145.0;902.0;242.0;597.0;258.0;576.0;286.0;425.0;682.0;155.0;613.0;332.0;780.0;378.0;1001.0;1001.0;439.0;647.0;712.0;635.0;159.0;183.0;408.0;76.0;300.0;1001.0;325.0;809.0;726.0;1001.0;210.0;206.0;133.0;586.0;1001.0;301.0;94.0;93.0;696.0;254.0;1001.0;193.0;772.0;207.0;982.0;162.0;190.0;442.0;183.0;100.0;130.0;350.0;262.0;298.0;36.0;464.0;329.0;176.0;55.0;52.0;82.0;144.0;42.0;198.0;68.0;611.0;19.0;148.0;247.0;187.0;258.0;193.0;70.0;660.0;147.0;152.0;183.0;335.0;247.0;409.0;230.0;171.0;103.0;143.0;231.0;94.0;129.0;360.0;25.0;265.0;129.0;228.0;70.0;103.0;70.0;185.0;219.0;194.0;133.0;72.0;73.0;216.0;105.0;150.0;157.0;72.0;108.0;86.0;62.0;169.0;95.0;566.0;74.0;80.0;130.0;198.0;101.0;67.0;141.0;41.0;164.0;62.0;149.0;67.0;116.0;55.0;74.0;130.0;102.0;53.0;106.0;88.0;81.0;49.0;82.0;112.0;45.0;157.0;85.0;68.0;75.0;43.0;74.0;67.0;86.0;93.0;71.0;171.0;189.0;180.0;140.0;61.0;128.0;187.0;80.0;72.0;39.0;93.0;64.0;49.0;61.0;43.0;89.0;39.0;76.0;38.0;61.0;59.0;73.0;39.0;38.0;107.0;70.0;86.0;59.0;21.0;38.0;54.0;30.0;104.0;82.0;115.0;62.0;99.0;71.0;101.0;69.0;36.0;79.0;166.0;70.0;50.0;57.0;40.0;87.0;95.0;58.0;43.0;66.0;69.0;90.0;63.0;44.0;31.0;54.0;48.0;98.0;75.0;53.0;207.0;92.0;189.0;49.0;32.0;40.0;112.0;62.0;36.0;32.0;25.0;47.0;65.0;38.0;45.0;34.0;23.0;30.0;26.0;25.0;21.0;28.0;40.0;72.0;44.0;91.0;51.0;98.0;76.0;39.0;104.0;51.0;41.0;31.0;54.0;101.0;53.0;46.0;43.0;48.0;29.0;382.0;62.0;37.0;35.0;65.0;40.0;59.0;96.0;54.0;63.0;47.0;29.0;195.0;38.0;27.0;57.0;26.0;93.0;38.0;28.0;31.0;52.0;73.0;80.0;29.0;38.0;47.0;44.0;48.0;36.0;21.0;78.0;26.0;40.0;33.0;51.0;32.0;146.0;105.0;73.0;52.0;21.0;162.0;38.0;28.0;55.0;29.0;79.0;87.0;106.0;35.0;170.0;68.0;78.0;29.0;30.0;31.0;52.0;23.0;27.0;77.0;67.0;25.0;25.0;43.0;23.0;30.0;28.0;28.0;38.0;41.0;23.0;42.0;28.0;20.0;23.0;23.0;24.0;31.0;28.0;89.0;25.0;30.0;28.0;48.0;35.0;112.0;27.0;102.0;20.0;24.0;21.0;50.0;21.0;27.0;27.0;23.0;26.0;59.0;65.0;27.0;31.0;34.0;26.0;32.0;68.0;30.0;22.0;23.0;49.0;70.0;73.0;58.0;26.0;26.0;27.0;47.0;91.0;23.0;111.0;65.0;30.0;24.0;22.0;110.0;133.0;37.0;32.0;22.0;28.0;26.0;24.0;21.0;65.0;22.0;28.0;28.0;28.0;28.0;24.0;67.0;26.0;27.0;29.0;25.0;48.0;24.0;24.0;34.0;22.0;24.0;26.0;22.0;42.0;24.0;22.0;34.0;23.0;29.0;26.0;20.0;152.0;24.0;25.0;22.0;25.0;165.0;207.0;159.0;85.0;78.0;25.0;39.0;29.0;29.0;21.0;32.0;24.0;26.0;24.0;22.0;26.0;22.0;24.0;29.0;23.0;144.0;43.0;24.0;22.0;22.0;22.0;25.0;24.0;24.0;40.0;22.0;42.0;21.0;53.0;35.0;32.0;50.0;29.0;42.0;31.0;46.0;33.0;55.0;31.0;25.0;25.0;34.0;23.0;21.0;60.0;21.0;37.0;22.0;20.0;48.0;93.0;21.0;23.0;22.0;24.0;28.0;34.0;39.0;28.0;24.0;55.0;22.0;47.0;25.0;29.0;21.0;32.0;30.0;36.0;31.0;23.0;24.0;26.0;23.0;54.0;95.0;771.0;26.0;173.0;26.0;141.0;104.0;28.0;29.0;94.0;40.0;26.0;25.0;21.0;27.0;23.0;29.0;22.0;33.0;22.0;27.0;34.0;22.0;24.0;33.0;21.0;68.0;35.0;34.0;22.0;24.0;197.0;52.0;22.0;21.0;20.0;30.0;28.0;23.0;158.0;123.0;37.0;26.0;26.0;52.0;24.0;36.0;28.0;27.0;22.0;21.0;40.0;40.0;37.0;28.0;26.0;51.0;27.0;33.0;53.0;26.0;38.0;22.0;22.0;25.0;21.0;24.0;24.0;21.0;29.0;28.0;22.0;26.0;25.0;26.0;23.0;23.0;31.0;59.0;21.0;23.0
12;182.0;797.0;330.0;237.0;250.0;532.0;1001.0;242.0;288.0;368.0;263.0;211.0;87.0;78.0;367.0;172.0;538.0;1001.0;234.0;568.0;301.0;740.0;291.0;74.0;234.0;95.0;203.0;344.0;334.0;325.0;704.0;1001.0;205.0;433.0;494.0;89.0;154.0;481.0;179.0;106.0;316.0;96.0;132.0;452.0;1001.0;145.0;181.0;335.0;256.0;920.0;1001.0;187.0;264.0;1001.0;555.0;286.0;242.0;193.0;323.0;341.0;125.0;150.0;133.0;75.0;792.0;62.0;202.0;495.0;378.0;192.0;575.0;113.0;126.0;219.0;143.0;61.0;320.0;450.0;296.0;527.0;71.0;314.0;62.0;739.0;170.0;167.0;134.0;117.0;152.0;132.0;421.0;133.0;50.0;353.0;262.0;180.0;98.0;79.0;91.0;184.0;142.0;124.0;134.0;57.0;71.0;311.0;141.0;195.0;430.0;206.0;158.0;189.0;342.0;105.0;203.0;233.0;169.0;131.0;290.0;188.0;101.0;217.0;110.0;162.0;97.0;70.0;98.0;209.0;135.0;55.0;105.0;172.0;134.0;159.0;79.0;48.0;172.0;86.0;119.0;98.0;135.0;59.0;92.0;55.0;104.0;120.0;85.0;68.0;159.0;332.0;272.0;199.0;116.0;53.0;125.0;167.0;68.0;130.0;336.0;64.0;58.0;94.0;117.0;106.0;85.0;68.0;98.0;87.0;110.0;134.0;91.0;105.0;211.0;293.0;83.0;285.0;193.0;50.0;142.0;66.0;49.0;129.0;102.0;75.0;67.0;77.0;64.0;153.0;151.0;34.0;29.0;64.0;69.0;67.0;44.0;60.0;65.0;392.0;247.0;61.0;85.0;43.0;154.0;86.0;53.0;82.0;222.0;72.0;40.0;47.0;265.0;44.0;34.0;217.0;117.0;72.0;39.0;34.0;38.0;53.0;93.0;63.0;51.0;47.0;68.0;96.0;39.0;33.0;60.0;60.0;54.0;126.0;101.0;114.0;176.0;200.0;37.0;61.0;102.0;66.0;81.0;44.0;38.0;52.0;59.0;64.0;47.0;72.0;44.0;98.0;307.0;46.0;56.0;25.0;27.0;121.0;53.0;100.0;51.0;53.0;36.0;40.0;30.0;61.0;52.0;22.0;26.0;85.0;155.0;46.0;101.0;164.0;32.0;39.0;41.0;93.0;68.0;38.0;38.0;64.0;79.0;97.0;61.0;53.0;157.0;119.0;207.0;129.0;62.0;61.0;71.0;163.0;60.0;35.0;28.0;85.0;124.0;27.0;48.0;39.0;71.0;88.0;30.0;47.0;26.0;87.0;41.0;47.0;55.0;41.0;50.0;53.0;178.0;75.0;61.0;29.0;44.0;25.0;24.0;23.0;182.0;194.0;52.0;121.0;40.0;31.0;21.0;23.0;53.0;50.0;27.0;39.0;51.0;54.0;26.0;23.0;24.0;26.0;25.0;24.0;87.0;32.0;47.0;44.0;45.0;24.0;31.0;31.0;37.0;76.0;29.0;32.0;23.0;22.0;32.0;23.0;27.0;22.0;21.0;34.0;35.0;22.0;33.0;24.0;26.0;80.0;30.0;40.0;24.0;33.0;121.0;44.0;20.0;25.0;23.0;27.0;24.0;25.0;25.0;24.0;26.0;24.0;26.0;98.0;39.0;38.0;41.0;29.0;39.0;22.0;23.0;22.0;32.0;23.0;79.0;112.0;28.0;58.0;24.0;28.0;21.0;23.0;26.0;25.0;118.0;37.0;69.0;65.0;20.0;30.0;26.0;42.0;29.0;103.0;21.0;32.0;83.0;22.0;30.0;27.0;32.0;20.0;31.0;26.0;22.0;78.0;58.0;39.0;35.0;24.0;25.0;31.0;27.0;41.0;45.0;22.0;36.0;138.0;27.0;196.0;276.0;56.0;32.0;25.0;38.0;27.0;28.0;86.0;31.0;29.0;25.0;423.0;53.0;48.0;98.0;59.0;52.0;48.0;56.0;25.0;97.0;48.0;65.0;23.0;26.0;47.0;30.0;27.0;24.0;27.0;29.0;27.0;121.0;133.0;143.0;28.0;23.0;167.0;46.0;26.0;32.0;93.0;26.0;28.0;59.0;37.0;54.0;78.0;32.0;29.0;38.0;42.0;28.0;23.0;30.0;25.0;85.0;28.0;25.0;26.0;21.0;22.0;21.0;49.0;27.0;21.0;52.0;30.0;21.0;30.0;43.0;39.0;33.0;23.0;23.0;35.0;95.0;23.0;29.0;28.0;24.0;32.0;25.0;32.0;28.0;25.0;32.0;25.0;20.0;20.0;24.0;30.0;24.0;23.0;24.0;26.0;31.0;21.0;44.0;22.0;64.0;125.0;30.0;32.0;88.0;25.0;25.0;23.0;98.0;23.0;25.0;27.0;22.0;26.0;34.0;25.0;123.0;23.0;27.0;44.0;25.0;23.0;28.0;202.0;24.0;22.0;22.0;190.0;31.0;60.0;24.0;284.0;195.0;20.0;32.0;23.0;99.0;95.0;56.0;25.0;43.0;27.0;38.0;26.0;24.0;96.0;41.0;70.0;57.0;22.0;52.0;20.0;58.0;32.0;27.0;226.0;48.0;25.0;131.0;23.0
