epis;0;0;0;0;0;0;0;0;0;0;;
0;-680;-532;-1801;-1891;-1404;-1851;-282;-451;-1561;-402;-1085,5;-994,685
1;-1711;-1661;-1791;-425;-1931;-463;176;-760;-539;-834;-993,9;-343,185
2;-169;-264;-1121;-1270;-1871;-546;-341;-2011;-786;-1521;-990;-53,04
3;-1991;-375;-1811;-962;-188;-108;-377;18;-1841;-543;-817,8;-948,755
4;-401;-97;-1561;-444;-1661;-1055;-165;-1881;47;-1631;-884,9;-263,765
5;-2041;-537;-1941;-1310;-434;-346;-506;-1068;-909;-232;-932,4;-9,97
6;-2151;-2061;-143;-168;-1561;-563;-716;-1811;-444;-1386;-1100,4;-900,96
7;-913;-321;-514;-1521;-2001;-1731;-1771;-1431;-567;-1701;-1247,1;-219,785
8;-1961;-23;-1215;-2051;-1971;-1911;-1871;113;-716;-1145;-1275,1;55,49
9;-609;-1054;-311;-4;-792;-594;-1426;-396;-1711;-70;-696,7;-751,47
10;-825;-435;-1761;-1507;-1931;-2181;-401;-2041;-205;-720;-1200,7;-193,24
11;-1901;-1921;-502;-1701;-1786;-1203;-832;-190;-1571;-1921;-1352,8;83,39
12;-711;-1227;-28;-1591;-2061;-2081;-1415;-693;-203;-294;-1030,4;-633,615
13;-1426;-1711;-1861;-1123;-461;-204;-4;-816;-143;-163;-791,2;-163,565
14;-375;-1395;-515;-292;-77;-1481;-1811;-551;-1821;-537;-885,5;134,555
15;-1401;-863;-1591;-2011;-1055;-212;-556;-1691;-31;230;-918,1;-528,385
16;-255;-1167;-107;-1317;-24;-1432;-2041;-1951;-1831;-1511;-1163,6;
17;-1086;-627;-69;-1711;-1811;-390;-1721;-206;-526;-877;-902,4;
18;-436;-1601;-1501;-1481;-305;-990;-733;-2041;-520;-364;-997,2;
19;73;-1421;-438;-697;-183;-1350;-33;-135;-325;-1771;-628;
20;-1601;-943;-1801;-484;-132;-141;-199;-378;-585;-282;-654,6;
21;-498;-558;-413;-1901;-503;-87;-828;-1741;-799;-112;-744;
22;-24;-1359;-60;-1821;-517;13;-1082;-1008;-283;-1381;-752,2;
23;165;-838;-154;-78;-157;-1851;-1511;-1711;-1581;-58;-777,4;
24;-828;437;-718;-60;-1421;-141;-1411;-120;-1771;-92;-612,5;
25;-478;-221;-322;-276;-135;-395;-86;-442;-449;-89;-289,3;
26;-108;-341;-218;6;-123;-1138;-652;96;-533;76;-293,5;
27;-232;-303;181;182;-24;137;-112;-562;-32;397;-36,8;
28;-60;-307;-162;-369;-7;-112;-247;-215;-1411;-135;-302,5;
29;230;-385;115;-223;-199;-450;292;-1681;166;-492;-262,7;
30;210;187;-424;157;329;169;-158;-631;-1601;-40;-180,2;
31;99;-297;140;-267;27;-325;-304;-1901;-83;-1591;-450,2;
32;-1561;-245;-800;-181;512;190;-171;47;-554;-264;-302,7;
33;-10;-37;179;-120;-765;-108;157;92;-1541;159;-199,4;
34;416;81;114;498;176;-136;-641;-782;-630;-100;-100,4;
35;-532;-129;22;53;-168;-20;18;133;-506;230;-89,9;
36;-590;31;-183;140;170;-321;-145;-242;-523;-53;-171,6;
37;-144;-369;-322;-416;-173;44;-215;-459;-132;-107;-229,3;
38;-195;-117;15;246;25;-393;-315;-207;88;-753;-160,6;
39;-157;327;-1110;181;-1501;-925;200;67;-6;385;-253,9;
40;-452;-98;-164;-417;115;56;-997;-358;-148;-90;-255,3;
41;129;-162;-192;135;-1261;310;559;-26;-165;-32;-70,5;
42;113;-191;205;480;-707;-291;421;-1451;306;-1251;-236,6;
43;-276;-457;-440;36;-180;-157;-447;267;-266;66;-185,4;
44;271;-294;-260;-176;-1351;-31;103;-1311;-823;-1271;-514,3;
45;-172;-62;-239;-397;192;-16;299;-200;-139;-265;-99,9;
46;-468;129;106;234;-391;223;-284;-207;-15;187;-48,6;
47;578;137;-258;232;265;188;86;-870;73;10;44,1;
48;-90;-1291;68;-217;156;-160;251;349;-85;45;-97,4;
49;216;-72;48;-346;58;85;-190;221;-348;387;5,9;
50;-847;-134;-111;-176;44;-1551;-271;-20;53;9;-300,4;
51;-126;-155;41;-215;346;-181;-112;101;234;16;-5,1;
52;-123;249;-88;-132;174;323;481;534;242;213;187,3;
53;-20;339;525;158;-16;267;-112;177;-400;-539;37,9;
54;506;22;4;-622;589;-456;34;-69;-201;338;14,5;
55;-1341;-1381;325;158;1;398;298;183;220;297;-84,2;
56;171;-236;35;-219;277;1;64;188;-157;205;32,9;
57;-65;-9;-124;398;384;356;314;382;213;193;204,2;
58;238;-133;561;145;99;249;149;291;37;197;183,3;
59;-142;337;-99;41;174;24;359;277;15;282;126,8;
60;117;41;145;-44;223;373;391;180;-58;117;148,5;
61;463;562;549;528;300;-232;-159;-40;358;-697;163,2;
62;29;53;-47;-189;-110;66;355;184;-549;81;-12,7;
63;584;130;453;302;573;581;315;546;184;137;380,5;
64;623;152;-560;-83;285;316;-141;-154;360;214;101,2;
65;281;-302;128;-142;232;88;-377;397;132;-158;27,9;
66;690;208;303;10;267;305;118;324;426;-1011;164;
67;-292;-182;543;119;317;179;290;-65;-59;-189;66,1;
68;-155;52;480;423;-86;424;89;469;440;124;226;
69;-265;387;620;-54;47;486;72;248;108;595;224,4;
70;202;529;549;284;375;178;53;163;179;200;271,2;
71;203;403;-122;486;517;328;-160;186;236;204;228,1;
72;195;322;560;-60;60;189;270;134;-64;472;207,8;
73;-39;-1391;459;231;414;339;-498;568;154;188;42,5;
74;161;377;366;-555;388;569;359;-350;537;226;207,8;
75;75;313;469;379;54;64;139;105;163;183;194,4;
76;285;-166;279;325;-128;37;336;62;-257;501;127,4;
77;77;124;284;355;493;493;538;-51;-777;494;203;
78;455;347;459;424;65;547;380;323;272;-55;321,7;
79;316;-431;408;-565;445;210;220;-75;223;412;116,3;
80;385;217;-99;482;-1131;348;424;422;403;402;185,3;
81;78;509;55;462;500;181;545;157;300;85;287,2;
82;473;412;214;84;524;246;353;195;-206;158;245,3;
83;515;159;305;53;88;198;395;28;269;220;223;
84;361;481;227;191;116;338;320;431;502;-52;291,5;
85;435;-307;269;578;153;-4;276;380;464;186;243;
86;355;-35;254;-75;96;273;-19;-124;362;508;159,5;
87;647;93;383;69;282;247;579;393;388;124;320,5;
88;-101;184;67;489;-154;502;594;-139;224;512;217,8;
89;-9;381;525;438;77;578;45;222;114;347;271,8;
90;-198;195;524;-211;-254;-196;481;238;296;499;137,4;
91;217;-73;38;540;-162;300;333;237;119;116;166,5;
92;46;231;246;498;347;60;343;440;661;103;297,5;
93;-239;439;326;265;432;296;387;162;379;359;280,6;
94;167;360;43;325;589;506;122;487;336;517;345,2;
95;285;399;125;452;598;168;383;-168;622;-25;283,9;
96;298;416;644;485;91;-140;207;-163;29;485;235,2;
97;-401;373;743;385;145;71;460;6;335;12;212,9;
98;405;179;116;668;272;647;553;139;469;355;380,3;
99;-103;265;86;403;422;-50;385;403;532;176;251,9;
100;366;98;46;326;245;559;380;384;525;201;313;
101;-180;21;635;190;323;395;368;250;513;-248;226,7;
102;-321;360;-94;452;124;179;147;235;303;550;193,5;
103;-7;276;511;395;387;470;345;121;510;569;357,7;
104;415;216;225;591;395;290;13;569;372;371;345,7;
105;619;462;344;440;210;591;296;359;339;557;421,7;
106;279;223;283;460;112;-92;354;482;247;390;273,8;
107;106;426;628;515;179;438;382;-51;216;239;307,8;
108;413;342;-128;604;575;616;-13;176;307;420;331,2;
109;367;461;63;277;240;33;283;492;224;641;308,1;
110;477;681;266;116;293;346;-104;258;393;634;336;
111;390;360;260;359;432;526;611;487;132;731;428,8;
112;-647;503;664;321;-124;464;-30;174;91;350;176,6;
113;348;421;395;603;320;293;-156;371;485;156;323,6;
114;-123;533;661;466;357;376;463;665;533;542;447,3;
115;597;351;658;325;335;506;311;713;27;561;438,4;
116;282;70;634;331;339;123;600;571;623;514;408,7;
117;586;548;568;505;409;286;-194;-59;451;608;370,8;
118;75;292;583;114;-568;406;-377;374;284;318;150,1;
119;476;467;625;276;125;509;666;378;484;609;461,5;
120;401;557;279;539;440;21;391;545;620;444;423,7;
121;-23;534;578;684;187;519;147;480;548;559;421,3;
122;181;213;528;356;430;587;75;624;414;477;388,5;
123;323;78;443;477;555;462;186;429;611;452;401,6;
124;424;588;465;654;61;41;-53;610;246;660;369,6;
125;385;239;548;95;540;539;16;508;496;658;402,4;
126;596;524;52;503;294;273;299;680;609;434;426,4;
127;400;661;657;547;468;466;343;577;573;300;499,2;
128;449;286;658;429;475;635;91;613;683;335;465,4;
129;520;555;638;510;407;-21;-634;475;395;325;317;
130;576;361;598;581;542;623;648;559;-82;490;489,6;
131;558;467;596;396;323;298;651;650;384;241;456,4;
132;471;478;469;398;139;521;430;583;440;-102;382,7;
133;517;614;666;411;324;515;158;550;579;583;491,7;
134;484;298;577;572;496;236;295;671;523;175;432,7;
135;231;617;661;383;667;485;565;450;438;515;501,2;
136;624;535;573;454;583;624;288;615;580;631;550,7;
137;503;227;517;403;511;448;291;609;623;499;463,1;
138;422;473;277;531;-128;220;135;619;601;670;382;
139;731;347;645;591;564;345;328;634;592;420;519,7;
140;611;628;655;399;532;185;641;517;742;731;564,1;
141;487;17;673;477;682;453;594;529;588;630;513;
142;579;339;566;-246;405;89;683;639;189;634;387,7;
143;604;295;456;142;418;718;355;529;525;521;456,3;
144;602;711;584;579;576;331;374;635;468;647;550,7;
145;647;355;541;586;553;342;234;572;414;324;456,8;
146;671;393;611;610;607;406;517;575;387;141;491,8;
147;499;618;642;631;458;356;429;654;588;637;551,2;
148;696;496;433;454;53;325;635;556;603;671;492,2;
149;603;662;604;507;93;654;681;609;605;643;566,1;
150;577;643;693;455;373;617;511;635;511;325;534;
151;635;541;549;571;261;557;392;567;595;626;529,4;
152;667;510;447;417;632;565;422;635;462;679;543,6;
153;492;534;635;664;228;583;403;200;606;453;479,8;
154;666;634;705;643;419;469;434;611;597;663;584,1;
155;259;683;488;619;525;350;363;701;298;680;496,6;
156;426;691;311;644;657;269;391;597;451;562;499,9;
157;510;499;701;558;461;630;460;298;668;411;519,6;
158;291;459;625;690;505;341;426;551;667;663;521,8;
159;312;706;472;670;598;666;633;534;614;675;588;
160;491;717;437;597;673;375;426;713;686;599;571,4;
161;390;331;707;677;561;396;535;640;742;608;558,7;
162;349;499;562;595;643;591;332;507;705;676;545,9;
163;279;399;490;525;613;476;358;528;604;486;475,8;
164;358;652;609;608;465;171;651;599;741;653;550,7;
165;525;399;678;529;562;-1161;500;617;474;562;368,5;
166;631;261;505;682;540;457;478;672;720;602;554,8;
167;616;617;546;594;315;600;526;579;591;647;563,1;
168;651;723;646;484;592;602;414;447;492;690;574,1;
169;496;637;556;331;400;311;675;630;579;601;521,6;
170;-118;681;603;301;360;257;304;648;608;646;429;
171;286;570;548;609;644;579;339;409;519;666;516,9;
172;542;728;667;457;371;615;320;659;533;707;559,9;
173;634;383;576;673;703;620;632;576;646;734;617,7;
174;512;731;623;594;500;208;352;324;698;709;525,1;
175;578;531;477;513;352;554;422;414;645;601;508,7;
176;598;712;550;628;513;507;211;409;654;634;541,6;
177;705;647;731;624;540;610;678;712;370;551;616,8;
178;617;722;304;703;653;188;422;502;576;740;542,7;
179;621;691;717;730;474;678;711;532;448;733;633,5;
180;461;701;587;723;542;310;682;277;662;535;548;
181;603;666;696;522;493;248;569;654;571;619;564,1;
182;417;474;601;572;649;655;515;360;506;556;530,5;
183;218;658;639;447;320;172;677;-156;666;635;427,6;
184;522;700;603;290;308;339;734;410;416;707;502,9;
185;536;610;695;717;672;644;635;366;302;655;583,2;
186;206;493;701;648;528;729;651;378;507;749;559;
187;185;698;614;94;456;658;264;233;447;683;433,2;
188;524;453;689;682;689;671;520;427;281;546;548,2;
189;549;697;559;655;507;689;664;311;600;668;589,9;
190;399;424;541;684;490;678;426;612;305;737;529,6;
191;632;465;502;608;663;615;526;292;616;705;562,4;
192;647;455;662;413;517;377;624;277;600;739;531,1;
193;522;510;671;534;425;666;677;501;708;600;581,4;
194;114;734;625;556;660;239;-199;293;492;440;395,4;
195;273;677;612;669;356;659;-149;419;399;677;459,2;
196;282;430;480;657;511;672;509;669;702;649;556,1;
197;378;624;594;693;532;725;594;670;404;658;587,2;
198;523;647;659;681;521;569;560;322;258;698;543,8;
199;262;706;614;633;607;623;639;-12;599;746;541,7;
200;-32;761;403;672;436;279;429;577;52;734;431,1;
201;607;517;450;654;421;369;621;-59;744;533;485,7;
202;144;725;686;583;349;664;282;446;361;713;495,3;
203;541;441;616;653;579;672;543;431;612;628;571,6;
204;437;490;650;667;496;518;617;692;728;680;597,5;
205;685;627;448;612;490;714;644;519;695;757;619,1;
206;158;421;694;689;541;532;529;455;638;485;514,2;
207;613;677;622;721;518;369;680;353;513;718;578,4;
208;584;498;659;608;431;329;707;484;693;650;564,3;
209;652;595;505;694;522;258;730;498;708;690;585,2;
210;397;478;408;760;491;317;495;512;672;572;510,2;
211;358;564;648;596;548;712;702;468;709;746;605,1;
212;474;644;403;590;463;311;748;589;672;575;546,9;
213;347;415;599;463;609;265;753;680;705;733;556,9;
214;562;614;662;396;363;335;699;284;695;725;533,5;
215;399;520;504;698;643;284;577;504;312;595;503,6;
216;289;597;484;673;365;370;617;469;733;744;534,1;
217;49;430;-167;645;541;361;531;291;596;661;393,8;
218;454;594;659;606;580;325;751;374;761;683;578,7;
219;212;630;430;623;400;738;663;679;701;694;577;
220;367;276;686;303;584;-8;652;673;541;710;478,4;
221;138;502;597;613;572;311;646;505;716;394;499,4;
222;-54;549;-57;677;648;365;468;423;702;562;428,3;
223;300;527;706;285;557;296;559;574;187;697;468,8;
224;456;429;709;691;387;595;547;319;645;594;537,2;
225;279;618;432;505;662;698;493;523;563;559;533,2;
226;154;584;627;644;454;559;477;252;527;741;501,9;
227;587;450;589;594;640;612;239;515;709;735;567;
228;461;614;265;383;468;688;639;574;448;704;524,4;
229;575;642;657;533;451;101;396;518;609;608;509;
230;575;166;656;506;736;713;513;515;646;585;561,1;
231;656;606;587;609;647;654;535;482;587;668;603,1;
232;287;690;628;705;497;190;413;550;289;707;495,6;
233;689;401;617;524;664;323;547;550;632;572;551,9;
234;55;489;445;407;541;347;0;681;579;733;427,7;
235;130;658;718;513;575;539;586;624;335;636;531,4;
236;274;379;708;366;697;354;327;518;424;436;448,3;
237;643;671;575;622;494;688;673;544;702;648;626;
238;274;688;652;684;579;698;622;481;673;665;601,6;
239;290;351;513;634;534;631;611;577;464;674;527,9;
240;547;582;518;719;516;369;692;737;212;707;559,9;
241;361;688;635;-339;482;483;577;367;76;739;406,9;
242;624;718;427;593;672;341;528;330;502;688;542,3;
243;311;708;334;-200;672;212;735;347;424;599;414,2;
244;341;705;682;468;451;626;375;497;240;739;512,4;
245;156;681;616;551;220;601;729;492;647;720;541,3;
246;337;740;431;505;93;686;379;478;595;643;488,7;
247;365;774;642;731;278;661;513;517;533;677;569,1;
248;35;726;263;690;717;575;714;576;631;630;555,7;
249;252;644;656;563;717;469;724;548;673;766;601,2;
250;446;721;656;516;624;570;607;537;356;665;569,8;
251;351;640;609;553;503;695;606;355;434;752;549,8;
252;350;623;604;728;774;356;688;559;604;733;601,9;
253;520;676;663;713;688;446;709;663;499;710;628,7;
254;265;697;728;691;748;706;479;716;589;774;639,3;
255;298;705;462;491;524;352;733;533;397;709;520,4;
256;583;453;690;494;735;504;652;481;351;614;555,7;
257;431;734;389;497;544;658;488;548;627;675;559,1;
258;408;694;717;514;388;653;704;472;305;763;561,8;
259;279;748;17;694;589;347;643;543;-30;730;456;
260;137;714;499;523;704;616;564;758;619;729;586,3;
261;430;631;559;470;686;492;664;550;645;689;581,6;
262;441;681;491;714;654;703;736;556;373;742;609,1;
263;608;732;564;517;527;660;706;563;687;609;617,3;
264;498;683;668;749;663;643;665;533;536;711;634,9;
265;310;714;715;534;722;673;761;555;205;733;592,2;
266;489;637;518;437;750;643;699;527;394;735;582,9;
267;538;687;724;346;627;609;482;478;713;722;592,6;
268;485;630;699;525;704;546;763;554;432;545;588,3;
269;293;687;672;613;557;603;738;532;697;724;611,6;
270;557;756;539;347;765;369;589;517;711;680;583;
271;548;690;707;540;610;726;750;364;714;678;632,7;
272;-265;487;550;278;530;697;746;736;724;692;517,5;
273;366;754;750;379;511;542;705;508;570;742;582,7;
274;490;674;658;515;650;534;683;535;302;761;580,2;
275;390;747;709;737;726;733;733;600;725;729;682,9;
276;550;688;713;357;544;628;706;575;497;716;597,4;
277;558;493;641;349;746;704;471;735;466;678;584,1;
278;649;693;755;525;772;664;711;456;485;710;642;
279;335;398;753;246;739;619;688;480;541;737;553,6;
280;731;616;749;138;715;620;661;568;545;746;608,9;
281;552;725;559;726;760;559;741;602;543;537;630,4;
282;726;732;512;308;739;728;525;572;563;739;614,4;
283;706;724;695;199;311;497;591;749;385;724;558,1;
284;504;693;766;465;672;604;755;539;570;757;632,5;
285;528;556;700;339;710;718;714;735;561;721;628,2;
286;669;595;723;466;605;733;648;737;574;704;645,4;
287;351;448;658;574;752;577;600;751;744;729;618,4;
288;739;355;699;585;726;521;557;746;520;743;619,1;
289;749;737;725;741;543;454;507;548;748;675;642,7;
290;667;695;765;564;563;698;677;733;418;744;652,4;
291;659;619;766;604;439;550;677;725;542;739;632;
292;705;731;728;390;774;652;-481;717;472;535;522,3;
293;663;728;758;288;726;648;454;548;701;733;624,7;
294;691;702;504;616;739;714;543;710;556;553;632,8;
295;728;719;541;518;676;544;548;772;506;737;628,9;
296;659;506;656;459;725;580;309;747;456;748;584,5;
297;754;739;443;717;729;726;411;540;725;735;651,9;
298;502;753;489;574;686;729;658;691;544;525;615,1;
299;690;632;515;728;678;489;140;741;746;577;593,6;
300;547;574;240;628;739;618;724;615;428;710;582,3;
301;646;736;378;314;774;625;743;746;750;734;644,6;
302;728;755;58;760;714;211;229;742;519;710;542,6;
303;600;762;261;479;535;651;505;563;460;737;555,3;
304;679;309;495;629;739;612;554;693;757;676;614,3;
305;636;522;261;636;743;670;508;684;761;406;582,7;
306;682;713;410;489;693;384;528;630;704;733;596,6;
307;550;656;516;736;747;349;582;741;750;763;639;
308;528;600;526;753;680;250;423;539;699;744;574,2;
309;676;739;296;606;750;690;541;563;774;751;638,6;
310;750;557;347;239;692;422;660;640;711;706;572,4;
311;662;417;509;716;569;677;530;648;723;712;616,3;
312;706;682;69;619;745;369;195;735;708;737;556,5;
313;705;746;180;654;563;454;450;697;625;711;578,5;
314;253;736;734;740;550;629;458;699;452;765;601,6;
315;713;748;663;509;766;449;520;592;709;765;643,4;
316;724;658;417;686;741;433;554;632;576;694;611,5;
317;672;532;614;618;659;563;548;559;539;694;599,8;
318;709;722;583;613;748;431;450;746;543;762;630,7;
319;699;649;559;56;528;638;458;633;741;763;572,4;
320;622;723;546;658;734;684;604;764;744;702;678,1;
321;564;722;483;740;742;349;552;548;545;737;598,2;
322;749;655;522;478;763;605;563;482;670;662;614,9;
323;611;523;550;692;670;352;561;730;609;770;606,8;
324;584;559;534;744;688;653;514;722;761;740;649,9;
325;732;559;770;753;724;465;-268;766;561;688;575;
326;719;547;717;637;717;325;572;623;545;730;613,2;
327;749;503;755;416;750;713;510;439;552;756;614,3;
328;713;536;586;733;666;710;487;466;774;682;635,3;
329;589;721;724;654;710;515;312;688;410;630;595,3;
330;552;746;751;730;746;716;506;617;723;734;682,1;
331;731;725;554;718;763;557;365;396;730;740;627,9;
332;772;540;557;744;755;449;514;648;561;626;616,6;
333;744;537;656;729;675;615;528;8;719;717;592,8;
334;505;612;738;200;757;741;543;412;774;646;592,8;
335;755;744;753;-84;759;701;725;687;765;629;643,4;
336;698;539;740;494;763;551;561;720;718;634;641,8;
337;713;557;683;432;746;-484;505;548;720;714;513,4;
338;105;482;574;447;759;394;485;546;750;721;526,3;
339;768;545;193;551;761;99;507;524;576;658;518,2;
340;774;559;501;701;774;566;718;541;745;742;662,1;
341;488;550;381;43;759;712;558;713;548;680;543,2;
342;614;568;625;630;731;711;565;739;737;737;665,7;
343;774;565;620;231;740;499;378;705;750;758;602;
344;743;559;520;621;685;529;563;534;752;695;620,1;
345;718;460;487;536;765;471;595;730;759;698;621,9;
346;761;717;460;718;752;448;553;621;752;714;649,6;
347;753;539;477;537;726;619;459;669;763;522;606,4;
348;762;477;432;764;763;657;551;-114;759;712;576,3;
349;731;545;539;742;561;443;464;521;755;693;599,4;
350;709;567;548;629;741;618;489;638;752;741;643,2;
351;649;341;370;735;741;537;740;554;765;538;597;
352;759;757;312;742;733;304;578;518;694;741;613,8;
353;681;639;471;714;752;673;488;532;765;719;643,4;
354;729;552;563;734;765;704;460;42;632;679;586;
355;358;554;565;716;752;524;566;563;764;696;605,8;
356;-347;543;555;747;739;340;483;552;741;711;506,4;
357;609;554;548;732;754;375;576;541;770;636;609,5;
358;409;551;463;729;761;731;537;535;535;368;561,9;
359;20;462;531;563;761;575;559;546;763;639;541,9;
360;743;559;542;762;687;506;537;732;726;710;650,4;
361;665;563;551;736;578;482;561;456;750;629;597,1;
362;732;519;527;656;757;385;630;565;565;472;580,8;
363;755;534;540;509;770;254;565;552;699;720;589,8;
364;770;550;544;762;750;361;456;543;715;742;619,3;
365;759;567;740;733;747;626;532;648;753;731;683,6;
366;757;514;495;698;768;402;503;563;688;761;614,9;
367;770;425;486;747;753;682;535;704;718;753;657,3;
368;741;565;555;548;676;605;444;408;670;673;588,5;
369;751;567;461;513;559;722;512;500;742;770;609,7;
370;720;527;537;701;750;742;314;513;639;766;620,9;
371;664;242;367;429;752;596;434;468;761;752;546,5;
372;663;482;482;696;768;615;550;528;729;730;624,3;
373;772;556;515;755;537;592;578;473;570;737;608,5;
374;746;222;477;640;693;173;567;420;637;731;530,6;
375;751;497;555;751;572;765;559;763;706;759;667,8;
376;562;515;381;695;721;339;563;565;710;763;581,4;
377;678;359;541;742;763;757;397;565;632;624;605,8;
378;696;455;538;483;759;710;761;348;703;726;617,9;
379;716;720;544;328;554;482;772;552;674;722;606,4;
380;706;277;540;724;754;761;763;576;733;728;656,2;
381;419;263;548;723;563;757;763;554;716;726;603,2;
382;380;284;549;704;730;737;546;578;620;719;584,7;
383;10;321;557;598;737;553;742;565;744;737;556,4;
384;644;404;560;707;761;669;666;552;756;742;646,1;
385;707;306;266;665;646;742;565;-6;720;759;537;
386;484;338;519;520;765;515;766;566;695;729;589,7;
387;586;-172;568;731;585;708;736;545;759;766;581,2;
388;256;550;565;725;718;657;634;543;550;772;597;
389;458;307;561;715;752;528;563;704;744;746;607,8;
390;-31;290;731;694;763;759;713;557;-321;759;491,4;
391;559;399;493;764;707;572;686;567;513;746;600,6;
392;498;409;504;729;738;768;759;550;514;750;621,9;
393;542;548;448;511;695;622;750;563;722;728;612,9;
394;486;559;525;558;774;735;625;565;352;750;592,9;
395;-93;461;529;702;741;587;753;540;677;737;563,4;
396;556;529;691;756;748;731;501;737;718;747;671,4;
397;528;451;380;715;552;718;129;576;757;730;553,6;
398;454;321;455;727;762;761;300;572;759;622;573,3;
399;567;409;445;677;763;712;731;678;749;663;639,4;
400;494;707;539;548;768;728;532;763;707;745;653,1;
401;548;339;736;726;578;447;424;554;722;644;571,8;
402;572;576;530;640;545;-85;546;548;731;684;528,7;
403;546;578;510;746;545;435;648;516;764;631;591,9;
404;539;522;485;691;757;652;715;558;316;764;599,9;
405;414;531;236;719;518;579;695;439;749;694;557,4;
406;474;548;537;574;674;231;668;539;626;746;561,7;
407;561;511;537;687;536;662;674;516;746;737;616,7;
408;522;504;574;744;331;233;660;550;735;755;560,8;
409;568;576;752;735;657;617;687;565;744;744;664,5;
410;538;725;544;734;744;413;658;566;764;755;644,1;
411;527;565;538;757;746;595;729;462;553;709;618,1;
412;390;609;536;719;744;573;755;490;541;749;610,6;
413;533;585;521;693;758;265;716;541;733;707;605,2;
414;493;331;494;684;607;498;731;470;529;666;550,3;
415;568;552;534;532;705;667;405;501;711;747;592,2;
416;641;542;349;744;593;713;729;642;686;748;638,7;
417;498;437;518;723;731;666;567;502;742;759;614,3;
418;760;345;544;721;746;532;772;541;432;537;593;
419;476;535;529;728;535;554;661;475;685;737;591,5;
420;500;510;550;550;748;544;149;674;574;750;554,9;
421;387;546;526;720;759;588;732;423;722;752;615,5;
422;505;541;568;379;652;532;614;443;652;774;566;
423;416;506;524;736;341;640;704;305;295;670;513,7;
424;563;576;373;562;697;117;214;316;717;736;487,1;
425;344;574;547;685;774;242;713;480;671;763;579,3;
426;514;699;344;764;574;256;-97;45;554;743;439,6;
427;522;468;466;729;488;743;450;711;510;746;583,3;
428;275;539;451;737;712;292;682;464;726;728;560,6;
429;543;554;533;604;258;548;234;561;154;750;473,9;
430;553;565;481;766;555;508;-340;542;757;731;511,8;
431;752;554;501;710;534;541;679;733;726;774;650,4;
432;576;564;531;343;549;160;727;554;739;770;551,3;
433;561;-349;493;736;749;154;690;686;680;752;515,2;
434;576;534;342;742;720;162;376;739;715;733;563,9;
435;548;763;533;740;541;186;665;520;724;755;597,5;
436;565;718;494;753;718;151;578;709;662;755;610,3;
437;550;729;477;745;366;553;316;639;627;759;576,1;
438;545;763;490;713;715;164;529;754;607;749;602,9;
439;561;726;561;545;532;162;654;752;548;752;579,3;
440;565;748;551;690;717;186;720;334;704;755;597;
441;493;101;218;322;508;368;656;686;750;754;485,6;
442;535;401;535;421;527;453;385;698;554;772;528,1;
443;561;744;471;664;361;380;721;740;754;737;613,3;
444;544;559;371;712;713;548;723;739;720;715;634,4;
445;748;753;382;368;748;514;733;768;735;765;651,4;
446;567;774;487;514;719;527;641;742;715;752;643,8;
447;567;722;565;526;710;541;431;735;620;768;618,5;
448;419;615;452;662;757;322;527;768;670;744;593,6;
449;547;719;559;489;753;515;758;750;748;741;657,9;
450;545;717;538;700;503;612;758;565;572;598;610,8;
451;568;740;548;530;765;317;517;772;763;733;625,3;
452;576;755;525;626;751;433;732;733;748;774;665,3;
453;512;744;508;541;739;510;700;747;708;754;646,3;
454;551;744;535;353;499;-477;630;674;371;724;460,4;
455;427;761;572;129;574;-220;696;748;761;752;520;
456;192;737;550;438;755;563;741;759;772;399;590,6;
457;560;716;529;717;550;319;551;730;761;768;620,1;
458;467;659;552;708;768;266;703;746;729;718;631,6;
459;479;759;530;418;559;226;652;713;752;739;582,7;
460;181;770;526;455;741;521;687;774;743;759;615,7;
461;271;720;548;528;724;548;731;759;759;728;631,6;
462;498;738;496;380;546;298;723;608;744;727;575,8;
463;547;645;380;478;757;373;679;722;753;750;608,4;
464;483;533;518;328;761;576;329;768;759;708;576,3;
465;307;718;485;471;743;356;548;776;752;763;591,9;
466;517;733;537;292;722;248;530;768;763;693;580,3;
467;469;107;552;265;728;554;720;772;555;582;530,4;
468;502;759;559;161;382;441;527;743;691;764;552,9;
469;330;770;539;497;757;259;765;765;654;761;609,7;
470;536;763;552;689;563;496;737;763;636;704;643,9;
471;481;715;520;356;574;374;748;776;737;751;603,2;
472;354;768;496;341;741;306;774;753;776;723;603,2;
473;545;707;529;356;507;439;567;763;702;755;587;
474;519;573;548;339;761;405;772;500;755;746;591,8;
475;528;644;522;638;761;363;759;759;732;765;647,1;
476;531;732;685;664;431;554;730;679;550;772;632,8;
477;426;742;532;563;384;370;735;539;761;766;581,8;
478;255;612;535;253;742;547;349;768;541;748;535;
479;429;685;542;519;755;538;757;374;752;637;598,8;
480;507;700;533;315;774;507;384;754;718;759;595,1;
481;288;691;-137;515;770;337;37;748;732;772;475,3;
482;544;717;552;519;763;384;618;763;765;774;639,9;
483;386;480;548;502;327;554;225;608;761;741;513,2;
484;519;747;539;483;724;17;726;711;602;735;580,3;
485;246;736;489;640;754;264;351;749;711;649;558,9;
486;559;764;361;559;570;449;151;230;748;741;513,2;
487;457;644;500;505;761;542;193;262;739;728;533,1;
488;770;708;435;704;739;496;43;-461;550;774;475,8;
489;388;749;367;338;741;532;603;721;750;745;593,4;
490;126;737;374;544;337;467;736;678;713;692;540,4;
491;569;727;491;486;367;565;667;721;746;742;608,1;
492;-276;739;510;465;759;116;748;726;577;776;514;
493;95;772;446;411;761;525;316;224;772;759;508,1;
494;-138;699;528;616;596;565;501;741;414;748;527;
495;384;246;549;376;755;555;64;751;567;741;498,8;
496;382;620;563;322;750;541;573;65;510;720;504,6;
497;384;650;576;-202;752;553;765;631;534;768;541,1;
498;382;471;458;-82;750;691;454;400;741;765;503;
499;371;269;568;446;528;556;-89;737;542;757;468,5;
500;224;759;542;707;652;539;682;774;565;739;618,3;
501;361;748;695;608;563;554;678;747;374;714;604,2;
502;365;761;524;516;647;697;379;770;566;702;592,7;
503;351;709;557;654;755;567;219;770;554;760;589,6;
504;330;526;544;63;700;541;703;692;356;635;509;
505;360;717;463;496;748;748;583;776;541;734;616,6;
506;352;705;543;473;378;517;28;561;509;737;480,3;
507;366;755;535;547;768;525;155;730;473;715;556,9;
508;281;738;496;350;770;257;392;533;551;679;504,7;
509;-137;748;462;273;761;535;92;658;473;742;460,7;
510;174;755;544;488;774;377;480;770;735;657;575,4;
511;111;737;552;222;752;574;-185;754;414;661;459,2;
512;450;561;564;464;744;459;-221;772;537;757;508,7;
513;314;770;382;394;755;381;-206;691;726;560;476,7;
514;559;746;426;269;718;482;709;636;545;708;579,8;
515;-958;758;540;292;761;398;185;752;548;-361;291,5;
516;367;741;489;455;596;185;225;770;528;765;512,1;
517;299;720;484;499;726;387;596;74;521;648;495,4;
518;534;731;442;34;542;655;-174;751;759;761;503,5;
519;298;739;212;465;746;570;607;635;534;739;554,5;
520;171;753;577;360;757;553;663;455;555;750;559,4;
521;-161;537;561;525;755;557;47;659;427;742;464,9;
522;319;768;561;100;363;509;347;738;539;757;500,1;
523;-1521;734;328;176;761;267;319;627;557;725;297,3;
524;83;746;557;568;354;520;710;730;406;718;539,2;
525;320;761;400;223;689;643;125;602;576;750;508,9;
526;373;704;542;173;722;726;524;186;568;733;525,1;
527;529;746;565;266;629;553;443;683;372;644;543;
528;172;746;355;413;342;429;586;413;394;666;451,6;
529;446;761;725;349;559;370;392;621;557;253;503,3;
530;521;772;546;-446;735;478;44;237;554;127;356,8;
531;540;730;449;176;480;306;141;181;543;759;430,5;
532;653;770;495;489;543;539;673;738;563;506;596,9;
533;417;751;533;156;742;729;573;710;552;728;589,1;
534;721;731;572;305;761;541;294;697;572;575;576,9;
535;540;746;453;487;737;565;637;541;348;566;562;
536;517;742;456;332;750;-136;619;761;564;708;531,3;
537;367;768;503;-1081;373;500;232;687;538;421;330,8;
538;550;748;535;428;371;687;411;741;454;749;567,4;
539;333;746;352;163;727;534;302;697;531;603;498,8;
540;653;752;531;510;681;500;555;367;706;759;601,4;
541;677;759;559;375;759;574;574;666;705;764;641,2;
542;548;757;525;522;741;536;565;737;697;677;630,5;
543;533;741;417;531;369;451;437;739;744;724;568,6;
544;535;742;515;531;495;487;486;650;613;750;580,4;
545;557;735;563;518;367;432;202;740;654;745;551,3;
546;528;744;511;539;660;484;557;663;478;728;589,2;
547;572;761;459;578;774;97;570;751;281;639;548,2;
548;755;770;460;578;770;543;482;699;643;774;647,4;
549;493;726;535;548;709;492;134;761;411;725;553,4;
550;407;685;538;563;384;709;513;748;355;738;564;
551;734;742;525;530;691;477;562;768;532;739;630;
552;563;269;568;550;362;565;380;757;411;770;519,5;
553;493;726;552;570;548;543;419;690;46;726;531,3;
554;546;733;546;563;363;567;495;736;154;755;545,8;
555;423;759;511;565;741;724;453;118;424;759;547,7;
556;579;729;701;550;766;539;746;728;326;752;641,6;
557;220;459;518;537;774;700;428;574;417;759;538,6;
558;522;737;491;565;759;565;705;750;288;768;615;
559;646;717;399;744;774;525;687;699;-152;761;580;
560;525;733;475;506;702;512;768;752;-374;343;494,2;
561;674;750;548;554;772;557;383;740;-165;754;556,7;
562;568;734;379;552;706;498;651;737;459;741;602,5;
563;394;590;115;570;748;574;552;776;146;770;523,5;
564;693;770;388;550;776;423;531;752;312;681;587,6;
565;632;772;510;563;733;610;753;755;535;655;651,8;
566;550;742;559;552;725;571;570;759;454;730;621,2;
567;519;761;421;565;752;745;563;346;517;690;587,9;
568;599;746;500;574;750;552;556;774;477;768;629,6;
569;719;724;528;563;759;598;521;729;201;759;610,1;
570;735;737;527;565;708;568;561;765;487;750;640,3;
571;734;725;531;563;748;490;739;770;256;498;605,4;
572;284;772;570;565;719;556;486;768;363;772;585,5;
573;734;759;550;696;737;565;711;774;530;310;636,6;
574;696;741;527;264;752;394;550;164;248;689;502,5;
575;344;757;566;482;717;614;700;737;504;774;619,5;
576;553;727;572;542;757;753;642;574;266;705;609,1;
577;519;759;559;528;728;547;295;755;578;727;599,5;
578;718;748;548;768;763;455;760;774;496;739;676,9;
579;598;691;736;555;616;436;74;763;537;617;562,3;
580;735;755;564;576;674;723;642;772;664;757;686,2;
581;506;759;539;552;359;506;384;705;292;698;530;
582;34;755;538;559;490;510;535;757;400;750;532,8;
583;637;748;539;491;772;563;577;544;509;668;604,8;
584;-64;728;548;553;715;530;-411;45;552;647;384,3;
585;416;748;531;544;706;561;725;763;520;433;594,7;
586;503;763;546;557;770;567;362;774;412;739;599,3;
587;302;750;572;552;743;530;-171;752;561;740;533,1;
588;285;635;559;737;763;576;454;774;473;566;582,2;
589;-125;711;563;346;761;576;690;759;552;770;560,3;
590;-49;535;561;559;741;739;753;581;527;689;563,6;
591;36;748;563;576;720;522;568;536;522;764;555,5;
592;127;759;561;574;774;489;412;715;515;748;567,4;
593;51;761;572;576;707;554;667;541;493;750;567,2;
594;229;725;557;548;770;521;726;728;552;679;603,5;
595;-387;753;513;444;607;515;734;686;429;704;499,8;
596;509;733;541;531;759;526;599;726;576;739;623,9;
597;405;751;563;476;618;420;461;698;552;734;567,8;
598;459;706;548;510;737;373;705;745;538;766;608,7;
599;545;702;363;363;744;490;696;728;552;694;587,7;